﻿<colors version="1.0">
  <favoriteColor color="4294348544" fillKind="ftSolid">
    <gradient startColor="0" endColor="0" startRatio="0" endRatio="0" angle="0"/>
  </favoriteColor>
  <favoriteColor color="4292928743" fillKind="ftSolid">
    <gradient startColor="0" endColor="0" startRatio="0" endRatio="0" angle="0"/>
  </favoriteColor>
  <favoriteColor color="4291151301" fillKind="ftSolid">
    <gradient startColor="0" endColor="0" startRatio="0" endRatio="0" angle="0"/>
  </favoriteColor>
</colors>