﻿<LinkSources version="1.02">
  <page ID="48070E56-44B9-40F4-B592-19FF2DEC49F7">
    <linkSource sourcePageID="5021DC09-4464-4EE1-8436-8FA694386A29" comID="E0AE9FD4-7FFE-474D-B574-9221062D6DFE" comLinkType="cltPageLink"/>
    <linkSource sourcePageID="5A272352-BA06-450A-96B1-99B11B7169C4" comID="E0AE9FD4-7FFE-474D-B574-9221062D6DFE" comLinkType="cltPageLink"/>
  </page>
  <page ID="5A272352-BA06-450A-96B1-99B11B7169C4">
    <linkSource sourcePageID="48070E56-44B9-40F4-B592-19FF2DEC49F7" comID="F827F654-D3CE-496A-A4B2-C1FA33319C89" comLinkType="cltPageLink"/>
  </page>
  <page ID="5021DC09-4464-4EE1-8436-8FA694386A29">
    <linkSource sourcePageID="48070E56-44B9-40F4-B592-19FF2DEC49F7" comID="7E8E1A45-608F-401C-A5BA-D1DC49F3120A" comLinkType="cltPageLink"/>
    <linkSource sourcePageID="5A272352-BA06-450A-96B1-99B11B7169C4" comID="7E8E1A45-608F-401C-A5BA-D1DC49F3120A" comLinkType="cltPageLink"/>
    <linkSource sourcePageID="5A272352-BA06-450A-96B1-99B11B7169C4" comID="E0AE9FD4-7FFE-474D-B574-9221062D6DFE" comLinkType="cltPageLink"/>
    <linkSource sourcePageID="7A71BF48-88DE-40D2-A3FF-28E4FDC99F76" comID="7E8E1A45-608F-401C-A5BA-D1DC49F3120A" comLinkType="cltPageLink"/>
    <linkSource sourcePageID="5AB42D85-BC11-407D-B985-489A4A774448" comID="7E8E1A45-608F-401C-A5BA-D1DC49F3120A" comLinkType="cltPageLink"/>
    <linkSource sourcePageID="11F90269-A1B9-4200-AC6D-6CC36083E68A" comID="7E8E1A45-608F-401C-A5BA-D1DC49F3120A" comLinkType="cltPageLink"/>
    <linkSource sourcePageID="DE4770EE-BB26-4FE0-A712-732548AFA75B" comID="7E8E1A45-608F-401C-A5BA-D1DC49F3120A" comLinkType="cltPageLink"/>
    <linkSource sourcePageID="C22C2D62-F370-4E93-B85E-4B2A541F3C17" comID="7E8E1A45-608F-401C-A5BA-D1DC49F3120A" comLinkType="cltPageLink"/>
    <linkSource sourcePageID="1BE03F80-A4ED-4819-B46E-54C1FDEDE05C" comID="7E8E1A45-608F-401C-A5BA-D1DC49F3120A" comLinkType="cltPageLink"/>
    <linkSource sourcePageID="78B991E8-2ACA-45BE-92E0-53A56A3900A5" comID="7E8E1A45-608F-401C-A5BA-D1DC49F3120A" comLinkType="cltPageLink"/>
    <linkSource sourcePageID="4A027DE3-9C6B-4738-8733-E1CAF8EC22FA" comID="7E8E1A45-608F-401C-A5BA-D1DC49F3120A" comLinkType="cltPageLink"/>
  </page>
  <page ID="7A71BF48-88DE-40D2-A3FF-28E4FDC99F76">
    <linkSource sourcePageID="5021DC09-4464-4EE1-8436-8FA694386A29" comID="80C66EB6-1C63-4276-94C7-2C926BC8E8C4" comLinkType="cltPageLink"/>
    <linkSource sourcePageID="5A272352-BA06-450A-96B1-99B11B7169C4" comID="F827F654-D3CE-496A-A4B2-C1FA33319C89" comLinkType="cltPageLink"/>
    <linkSource sourcePageID="11F90269-A1B9-4200-AC6D-6CC36083E68A" comID="A8980B86-F190-4BDC-948C-4268F76AF0B2" comLinkType="cltPageLink"/>
    <linkSource sourcePageID="BD876770-B3DE-4DD2-9891-04FA40109AD4" comID="80C66EB6-1C63-4276-94C7-2C926BC8E8C4" comLinkType="cltPageLink"/>
    <linkSource sourcePageID="C22C2D62-F370-4E93-B85E-4B2A541F3C17" comID="9094E456-69A4-4E6B-9498-4C16C222544D" comLinkType="cltPageLink"/>
    <linkSource sourcePageID="C22C2D62-F370-4E93-B85E-4B2A541F3C17" comID="1E9077EB-5B06-49B5-A73C-87EB7ED58442" comLinkType="cltPageLink"/>
    <linkSource sourcePageID="11F90269-A1B9-4200-AC6D-6CC36083E68A" comID="824E2D6E-8062-49B9-8B48-E83FA4E12466" comLinkType="cltPageLink"/>
    <linkSource sourcePageID="78B991E8-2ACA-45BE-92E0-53A56A3900A5" comID="824E2D6E-8062-49B9-8B48-E83FA4E12466" comLinkType="cltPageLink"/>
  </page>
  <page ID="11F90269-A1B9-4200-AC6D-6CC36083E68A">
    <linkSource sourcePageID="7A71BF48-88DE-40D2-A3FF-28E4FDC99F76" comID="41DB4A41-B279-4359-860E-EFD286F38E8C" comLinkType="cltPageLink"/>
    <linkSource sourcePageID="DE4770EE-BB26-4FE0-A712-732548AFA75B" comID="A8980B86-F190-4BDC-948C-4268F76AF0B2" comLinkType="cltPageLink"/>
    <linkSource sourcePageID="DE4770EE-BB26-4FE0-A712-732548AFA75B" comID="8AA6EFED-051E-48A7-9E76-8D9BA080CF3B" comLinkType="cltPageLink"/>
    <linkSource sourcePageID="DE4770EE-BB26-4FE0-A712-732548AFA75B" comID="6640B6EC-239F-4042-8036-1CEF123B36A4" comLinkType="cltPageLink"/>
    <linkSource sourcePageID="1BE03F80-A4ED-4819-B46E-54C1FDEDE05C" comID="B483B71F-C409-4BB0-BAA2-91AD3F05C38D" comLinkType="cltPageLink"/>
    <linkSource sourcePageID="1BE03F80-A4ED-4819-B46E-54C1FDEDE05C" comID="869967B2-5554-49D4-813F-35995DD9FC6C" comLinkType="cltPageLink"/>
    <linkSource sourcePageID="1BE03F80-A4ED-4819-B46E-54C1FDEDE05C" comID="A7EF5B37-0CD8-4EA7-AA44-FEB4C75B1DE1" comLinkType="cltPageLink"/>
    <linkSource sourcePageID="5AB42D85-BC11-407D-B985-489A4A774448" comID="CA76B5E5-C23E-4E40-BCFC-EA69B920D946" comLinkType="cltPageLink"/>
  </page>
  <page ID="DE4770EE-BB26-4FE0-A712-732548AFA75B">
    <linkSource sourcePageID="11F90269-A1B9-4200-AC6D-6CC36083E68A" comID="A8980B86-F190-4BDC-948C-4268F76AF0B2" comLinkType="cltPageLink"/>
    <linkSource sourcePageID="C22C2D62-F370-4E93-B85E-4B2A541F3C17" comID="99800C28-7F08-4188-94EE-3C54B9930624" comLinkType="cltPageLink"/>
  </page>
  <page ID="78B991E8-2ACA-45BE-92E0-53A56A3900A5">
    <linkSource sourcePageID="4A027DE3-9C6B-4738-8733-E1CAF8EC22FA" comID="A8980B86-F190-4BDC-948C-4268F76AF0B2" comLinkType="cltPageLink"/>
    <linkSource sourcePageID="4A027DE3-9C6B-4738-8733-E1CAF8EC22FA" comID="8AA6EFED-051E-48A7-9E76-8D9BA080CF3B" comLinkType="cltPageLink"/>
    <linkSource sourcePageID="4A027DE3-9C6B-4738-8733-E1CAF8EC22FA" comID="6640B6EC-239F-4042-8036-1CEF123B36A4" comLinkType="cltPageLink"/>
    <linkSource sourcePageID="5AB42D85-BC11-407D-B985-489A4A774448" comID="CA76B5E5-C23E-4E40-BCFC-EA69B920D946" comLinkType="cltPageLink"/>
    <linkSource sourcePageID="7A71BF48-88DE-40D2-A3FF-28E4FDC99F76" comID="CA76B5E5-C23E-4E40-BCFC-EA69B920D946" comLinkType="cltPageLink"/>
  </page>
  <page ID="4A027DE3-9C6B-4738-8733-E1CAF8EC22FA">
    <linkSource sourcePageID="78B991E8-2ACA-45BE-92E0-53A56A3900A5" comID="A8980B86-F190-4BDC-948C-4268F76AF0B2" comLinkType="cltPageLink"/>
  </page>
  <page ID="5AB42D85-BC11-407D-B985-489A4A774448">
    <linkSource sourcePageID="5021DC09-4464-4EE1-8436-8FA694386A29" comID="7CCEC774-81C8-48A7-B863-9B72A58D9C14" comLinkType="cltPageLink"/>
    <linkSource sourcePageID="BD876770-B3DE-4DD2-9891-04FA40109AD4" comID="7CCEC774-81C8-48A7-B863-9B72A58D9C14" comLinkType="cltPageLink"/>
    <linkSource sourcePageID="C22C2D62-F370-4E93-B85E-4B2A541F3C17" comID="1E9077EB-5B06-49B5-A73C-87EB7ED58442" comLinkType="cltPageLink"/>
    <linkSource sourcePageID="11F90269-A1B9-4200-AC6D-6CC36083E68A" comID="C98968DC-BB5E-48BF-AB43-9589C6893399" comLinkType="cltPageLink"/>
    <linkSource sourcePageID="78B991E8-2ACA-45BE-92E0-53A56A3900A5" comID="C98968DC-BB5E-48BF-AB43-9589C6893399" comLinkType="cltPageLink"/>
  </page>
  <page ID="C22C2D62-F370-4E93-B85E-4B2A541F3C17">
    <linkSource sourcePageID="1C5F0D9E-FB03-431A-B015-171C2050ADB0" comID="E0AE9FD4-7FFE-474D-B574-9221062D6DFE" comLinkType="cltPageLink"/>
    <linkSource sourcePageID="BD876770-B3DE-4DD2-9891-04FA40109AD4" comID="E0AE9FD4-7FFE-474D-B574-9221062D6DFE" comLinkType="cltPageLink"/>
    <linkSource sourcePageID="5AB42D85-BC11-407D-B985-489A4A774448" comID="5773F17C-16A9-46F6-8940-DFE9B61DACB4" comLinkType="cltPageLink"/>
    <linkSource sourcePageID="7A71BF48-88DE-40D2-A3FF-28E4FDC99F76" comID="5773F17C-16A9-46F6-8940-DFE9B61DACB4" comLinkType="cltPageLink"/>
    <linkSource sourcePageID="C22C2D62-F370-4E93-B85E-4B2A541F3C17" comID="99800C28-7F08-4188-94EE-3C54B9930624" comLinkType="cltPageLink"/>
    <linkSource sourcePageID="1BE03F80-A4ED-4819-B46E-54C1FDEDE05C" comID="A7EF5B37-0CD8-4EA7-AA44-FEB4C75B1DE1" comLinkType="cltPageLink"/>
    <linkSource sourcePageID="1BE03F80-A4ED-4819-B46E-54C1FDEDE05C" comID="B483B71F-C409-4BB0-BAA2-91AD3F05C38D" comLinkType="cltPageLink"/>
    <linkSource sourcePageID="1BE03F80-A4ED-4819-B46E-54C1FDEDE05C" comID="869967B2-5554-49D4-813F-35995DD9FC6C" comLinkType="cltPageLink"/>
    <linkSource sourcePageID="1BE03F80-A4ED-4819-B46E-54C1FDEDE05C" comID="373C5AA1-B8F2-4C95-B086-16C005465899" comLinkType="cltPageLink"/>
  </page>
  <page ID="1BE03F80-A4ED-4819-B46E-54C1FDEDE05C">
    <linkSource sourcePageID="C22C2D62-F370-4E93-B85E-4B2A541F3C17" comID="99800C28-7F08-4188-94EE-3C54B9930624" comLinkType="cltPageLink"/>
    <linkSource sourcePageID="C22C2D62-F370-4E93-B85E-4B2A541F3C17" comID="B20BAD12-0525-4D1C-A70B-4AB3510E57D2" comLinkType="cltPageLink"/>
  </page>
</LinkSources>