﻿<mockup version="5.3" minAllowVersion="5.3" ID="1BE03F80-A4ED-4819-B46E-54C1FDEDE05C" platform="MtWeb" defaultW="1100" defaultH="900" measureW="1100" measureH="900" mobileScreenScale="0">
  <controls controlCount="46">
    <control controlID="9E2931AF-9F2B-4BEE-9BC2-6148D66CCD4F" controlTypeID="Panel" x="0" y="0" w="1100" h="97" zOrder="0">
      <color>4294348544</color>
      <groupChildrenDescriptors>
        <control controlID="7513C601-F31D-4A61-AF37-4D74F0547768" controlTypeID="Label" x="418" y="21" w="263" h="54" zOrder="0">
          <font family="Segoe+UI" displayName="Segoe+UI" postScript="" weightStyle="Normal" weight="400" isBold="False" isItalic="False"/>
          <text>Web+-+Factures</text>
          <textColor>4294967295</textColor>
          <textSize>40</textSize>
          <lineSpacing>0</lineSpacing>
          <useDefaultTextSize>False</useDefaultTextSize>
          <selectedIndex>-1</selectedIndex>
        </control>
        <control controlID="27095CFC-B775-4C6C-AC8A-40D003B48B3E" controlTypeID="Image" x="20" y="29" w="166" h="38" zOrder="1">
          <URL>2BA820A6C37AC3E6434815584A77CC2D.png</URL>
        </control>
        <control controlID="E5B7A386-8B0E-499F-BAD1-C8786E99164A" controlTypeID="Border" x="0" y="0" w="1100" h="97" zOrder="2">
          <alias>borderLayer</alias>
        </control>
      </groupChildrenDescriptors>
      <thinkness>1</thinkness>
    </control>
    <control controlID="79896CC4-CCAD-420F-8DF7-D68FF6C54DDF" controlTypeID="Panel" x="0" y="97" w="1100" h="56" zOrder="1">
      <groupChildrenDescriptors>
        <control controlID="6F4BF815-DC10-4BEB-BB92-7277E9F4FA3F" controlTypeID="Border" x="0" y="0" w="1100" h="56" zOrder="0">
          <alias>borderLayer</alias>
        </control>
      </groupChildrenDescriptors>
      <thinkness>1</thinkness>
    </control>
    <control controlID="7E8E1A45-608F-401C-A5BA-D1DC49F3120A" controlTypeID="Button" x="964" y="113" w="116" h="28" zOrder="2">
      <links eventType="AtClick" animate="AmNone" animateAutoDelay="0" animateDuration="500">
        <link targetPageID="5021DC09-4464-4EE1-8436-8FA694386A29" linkType="ltPageLink" isApplyIncludePage="False" title="Connexion">
          <area shape="0" alt="" ID="{E05DD8E4-2AF2-4975-917E-03A9AE239E08}" coords="(0,0,116,28)"/>
        </link>
      </links>
      <font family="Segoe+UI" displayName="Segoe+UI" postScript="" weightStyle="Normal" weight="400" isBold="False" isItalic="False"/>
      <text>DECONNEXION</text>
      <lineSpacing>0</lineSpacing>
      <selectedIndex>-1</selectedIndex>
      <radius>4</radius>
    </control>
    <control controlID="84F214CE-77AE-40CB-A808-782DEB83B7E0" controlTypeID="Panel" x="0" y="795" w="1100" h="105" zOrder="3">
      <color>4288256409</color>
      <groupChildrenDescriptors>
        <control controlID="4D48593B-3DBA-4A68-824F-E12023F5660B" controlTypeID="Label" x="356" y="15" w="442" h="19" zOrder="0">
          <font family="Segoe+UI" displayName="Segoe+UI" postScript="" weightStyle="Normal" weight="400" isBold="False" isItalic="False"/>
          <text>CDC+%C3%A9valuation+-+INFCDL3+-+D%C3%A9velopper+pour+le+WEB+-+V2+-+%C2%A9+2020+KSS</text>
          <textColor>4294967295</textColor>
          <lineSpacing>0</lineSpacing>
          <selectedIndex>-1</selectedIndex>
        </control>
        <control controlID="BF7B787C-783F-4B3F-80D9-F3712A0CC500" controlTypeID="Label" x="472" y="73" w="212" h="19" zOrder="1">
          <caption>Notice</caption>
          <interactiveData>
            <entry title="">
              <area shape="0" alt="" ID="{3AB02579-F4A1-4ECA-AAC0-426051D3EEC4}" coords="(0,0,212,19)"/>
              <events title="">
                <event eventType="atClick" isChecked="True">
                  <behaviour title="" isChecked="True" isWait="False" isLoop="False" execMode="emParallel">
                    <target targetID="D2D806B9-EF86-4EFA-ACD2-096E53B237A9" isChecked="True" isAutoRecovery="True" isLoop="False" execMode="emSequence">
                      <command name="Resize" isChecked="True" descrition="">
                        <param name="AniInterpolation" value="1" varType="3" description=""/>
                        <param name="AniDuration" value="200" varType="3" description=""/>
                        <param name="AniAutoReverse" value="False" varType="11" description=""/>
                        <param name="AniLoop" value="False" varType="11" description=""/>
                        <param name="AniInterpolationTypeOut" value="False" varType="11" description=""/>
                        <param name="Delay" value="0" varType="3" description=""/>
                        <param name="ValueFromCurrent" value="True" varType="11" description=""/>
                        <param name="ResizeDirection" value="0" varType="3" description=""/>
                        <param name="ValueMode" value="0" varType="3" description=""/>
                        <param name="FromWidth" value="0" varType="3" description=""/>
                        <param name="FromHeight" value="0" varType="3" description=""/>
                        <param name="ToWidth" value="809" varType="4" description=""/>
                        <param name="ToHeight" value="709" varType="4" description=""/>
                        <param name="ToX" value="0" varType="3" description=""/>
                        <param name="ToY" value="0" varType="3" description=""/>
                        <param name="TerminateLoopByClick" value="True" varType="11" description=""/>
                      </command>
                      <command name="Change Visibility" isChecked="True" descrition="">
                        <param name="AniInterpolation" value="1" varType="3" description=""/>
                        <param name="AniDuration" value="200" varType="3" description=""/>
                        <param name="AniAutoReverse" value="False" varType="11" description=""/>
                        <param name="AniLoop" value="False" varType="11" description=""/>
                        <param name="AniInterpolationTypeOut" value="False" varType="11" description=""/>
                        <param name="Delay" value="0" varType="3" description=""/>
                        <param name="ValueFromCurrent" value="True" varType="11" description=""/>
                        <param name="ForceFromInitValue" value="False" varType="11" description=""/>
                        <param name="ForceSetVisible" value="False" varType="11" description=""/>
                        <param name="Value" value="2" varType="3" description=""/>
                        <param name="TerminateLoopByClick" value="True" varType="11" description=""/>
                      </command>
                    </target>
                    <target targetID="BF7B787C-783F-4B3F-80D9-F3712A0CC500" IsNeedReplaceAsSelfID="True" isChecked="True" isAutoRecovery="True" isLoop="False" execMode="emSequence">
                      <command name="Set Text Color" isChecked="True" descrition="">
                        <param name="AniInterpolation" value="0" varType="3" description=""/>
                        <param name="AniDuration" value="200" varType="3" description=""/>
                        <param name="AniAutoReverse" value="False" varType="11" description=""/>
                        <param name="AniLoop" value="False" varType="11" description=""/>
                        <param name="AniInterpolationTypeOut" value="False" varType="11" description=""/>
                        <param name="Delay" value="0" varType="3" description=""/>
                        <param name="FromValue" value="0" varType="20" description=""/>
                        <param name="ToValue" value="4278190335" varType="20" description=""/>
                      </command>
                    </target>
                  </behaviour>
                </event>
              </events>
            </entry>
          </interactiveData>
          <font family="Segoe+UI" displayName="Segoe+UI" postScript="" weightStyle="Normal" weight="400" isBold="False" isItalic="False"/>
          <text>Mentions+l%C3%A9gales+et+confidentialit%C3%A9</text>
          <textColor>4294967295</textColor>
          <lineSpacing>0</lineSpacing>
          <selectedIndex>-1</selectedIndex>
        </control>
        <control controlID="8E720ACF-DC6A-46F2-A082-85A42C30F3D8" controlTypeID="Label" x="533" y="44" w="89" h="19" zOrder="2">
          <font family="Segoe+UI" displayName="Segoe+UI" postScript="" weightStyle="Normal" weight="400" isBold="False" isItalic="False"/>
          <text>Aide+-+Contact</text>
          <textColor>4294967295</textColor>
          <lineSpacing>0</lineSpacing>
          <selectedIndex>-1</selectedIndex>
        </control>
        <control controlID="7A30EB0C-FF1E-49A2-BF38-04177383212E" controlTypeID="Border" x="0" y="0" w="1100" h="105" zOrder="3">
          <alias>borderLayer</alias>
        </control>
      </groupChildrenDescriptors>
      <thinkness>1</thinkness>
    </control>
    <control controlID="C0047050-F0E2-4F42-8076-9C2F50AA1D81" controlTypeID="DateTimePicker" x="863" y="10" w="217" h="24" zOrder="4">
      <color>16777215</color>
      <borderColor>6710886</borderColor>
      <font family="Segoe+UI" displayName="Segoe+UI" postScript="" weightStyle="Normal" weight="400" isBold="False" isItalic="False"/>
      <text>03+%2F+12+%2F+2020</text>
      <textColor>4294967295</textColor>
      <textSize>14</textSize>
      <lineSpacing>0</lineSpacing>
      <selectedIndex>-1</selectedIndex>
    </control>
    <control controlID="D2D806B9-EF86-4EFA-ACD2-096E53B237A9" controlTypeID="TextArea" x="0" y="95" w="291" h="58" zOrder="5">
      <states>
        <state propName="VScrollProgress" stateType="state_mouseOver" isChecked="True" value="10" varType="4"/>
        <state propName="VScrollProgress" stateType="state_mouseDown" isChecked="True" value="10" varType="4"/>
      </states>
      <isShow>False</isShow>
      <color>4294967295</color>
      <borderVisible>True</borderVisible>
      <verticalScrollbarShow>True</verticalScrollbarShow>
      <verticalScrollbarProgress>10</verticalScrollbarProgress>
      <font family="Segoe+UI" displayName="Segoe+UI" postScript="" weightStyle="Normal" weight="400" isBold="False" isItalic="False"/>
      <text>Mentions+l%C3%A9gales%0D%0AInformations+l%C3%A9gales%0D%0AUn+Temps+pour+Vous%0D%0A%0D%0ASARL+au+capital+de+7+500+euros%2C%0D%0Acr%C3%A9%C3%A9e+le+13+novembre+2020%2C%0D%0A%0D%0A%0D%0ASi%C3%A8ge+social+%3A%0D%0A1+rue+de+la+Paix%0D%0A75012+Paris%0D%0A%0D%0AL%E2%80%99Internaute+peut+contacter+la+soci%C3%A9t%C3%A9+Un+Temps+pour+Vous+aux+coordonn%C3%A9es+suivantes+%3A+%0D%0A%0D%0AE-mail+%3A+contact@aavapo.com%0D%0ANum%C3%A9ro+de+t%C3%A9l%C3%A9phone+%3A+01+45+44+45+91+-+du+lundi+au+vendredi+de+9h+%C3%A0+18h+sans+interruption%0D%0ADirecteur+de+la+publication+%3A%0D%0A%0D%0ACorentine+du+HALGOUET%0D%0A%0D%0AConception+et+r%C3%A9alisation+du+Site+Internet+%3A%0D%0A%0D%0ACyril+GOURGEOT%0D%0A%0D%0AH%C3%A9bergement+du+Site+Internet+%3A%0D%0A%0D%0AOVH+SAS%0D%0ARCS+Roubaix+%E2%80%93+Tourcoing%3A+424+761+419+00045%0D%0ACapital%3A+10+M%E2%82%AC%0D%0AOVH+BP+80157%0D%0A59053+ROUBAIX%0D%0A%0D%0ADonn%C3%A9es+personnelles%0D%0ALes+informations+que+vous+saisissez+sont+n%C3%A9cessaires+%C3%A0+un+Temps+pour+Vous+pour+traiter+votre+demande.+Le+traitement+automatis%C3%A9+des+donn%C3%A9es+manuelles+a+fait+l%E2%80%99objet+d%E2%80%99une+d%C3%A9claration+%C3%A0+la+CNIL+qui+porte+le+num%C3%A9ro+%3A+1056184.+Conform%C3%A9ment+aux+dispositions+de+la+loi+informatique+et+libert%C3%A9+du+6+janvier+1978%2C+l%E2%80%99internaute+dispose+d%E2%80%99un+droit+d%E2%80%99acc%C3%A8s+et+de+rectification+portant+sur+les+donn%C3%A9es+le+concernant+en+%C3%A9crivant+%C3%A0+un+Temps+pour+Vous%2C+45+rue+Crozatier%2C+75012+Paris.%0D%0A%0D%0ADispositif+de+m%C3%A9diation%0D%0AConform%C3%A9ment+aux+articles+du+code+de+la+consommation+L611-1+et+suivants+et+R612-1+et+suivants%2C+il+est+pr%C3%A9vu+que+pour+tout+litige+de+nature+contractuelle+portant+sur+l'ex%C3%A9cution+du+contrat+de+vente+et%2Fou+la+prestation+de+services+n'ayant+pu+%C3%AAtre+r%C3%A9solu+dans+le+cadre+d'une+r%C3%A9clamation+pr%C3%A9alablement+introduite+aupr%C3%A8s+de+notre+service+client%2C+le+Consommateur+pourra+recourir+gratuitement+%C3%A0+la+m%C3%A9diation.+Il+contactera+l'Association+Nationale+des+M%C3%A9diateurs+(ANM)+soit+par+courrier+en+%C3%A9crivant+au+62+rue+Tiquetonne+75002+PARIS+soit+par+e-mail+en+remplissant+le+formulaire+de+saisine+en+ligne+%C3%A0+l'adresse+suivante+www.anm-conso.com.%0D%0A%0D%0AVente+en+ligne%0D%0AConform%C3%A9ment+%C3%A0+l'article+14.1+du+r%C3%A8glement+(UE)+n%C2%B0524%2F2013+du+parlement+europ%C3%A9en+et+du+conseil+du+21+mai+2013%2C+Un+Temps+pour+Vous+signale+%C3%A0+ses+clients+le+lien+vers+la+plate-forme+de+r%C3%A8glement+en+ligne+des+litiges+(RLL)+%3A+lien%0D%0A%0D%0ACopyright+%C2%A9%0D%0ALes+informations%2C+donn%C3%A9es%2C+images+et+marques+publi%C3%A9es+sur+www.untempspourvous.fr+sont+la+propri%C3%A9t%C3%A9+exclusive+de+leurs+titulaires+respectifs.%0D%0A%0D%0AIl+est+strictement+interdit+de+publier%2C+diffuser%2C+reproduire+les+informations+ou+donn%C3%A9es+de+Un+Temps+pour+Vous+quelqu'en+soit+le+support+dans+le+but+de+les+transmettre+%C3%A0+un+tiers+et+ce%2C+sans+en+indiquer+explicitement+la+source+par+l'apposition+du+copyright.%0D%0A%0D%0ADe+plus+l'utilisation+dans+le+cadre+d'une+activit%C3%A9+%C3%A9conomique+et+commerciale+des+informations+et+donn%C3%A9es+de+ce+site+est+strictement+interdite+sans+accord+pr%C3%A9alable+de+Un+Temps+pour+Vous.</text>
      <textAlign>HaCenter</textAlign>
      <textWordWrap>False</textWordWrap>
      <selectedIndex>-1</selectedIndex>
    </control>
    <control controlID="0662D70F-71F4-420C-AEBD-715071F7D015" controlTypeID="CompositeComboBox" x="17" y="161" w="200" h="24" zOrder="6">
      <remarkText>Liste+des+clients</remarkText>
      <groupChildrenDescriptors>
        <control controlID="2ED5FEB1-1D52-42DA-94CA-2742D79B20DC" controlTypeID="TextInput" x="0" y="0" w="177" h="24" zOrder="0">
          <locked>True</locked>
          <canMove>False</canMove>
          <alias>input</alias>
          <font family="Segoe+UI" displayName="Segoe+UI" postScript="" weightStyle="Normal" weight="400" isBold="False" isItalic="False"/>
          <text>CLIENT</text>
          <lineSpacing>0</lineSpacing>
          <selectedIndex>-1</selectedIndex>
        </control>
        <control controlID="22F4CFAD-9A56-4585-B934-BD3262F515CB" controlTypeID="Button" x="176" y="0" w="24" h="24" zOrder="1">
          <locked>True</locked>
          <canMove>False</canMove>
          <alias>button</alias>
          <font family="Segoe+UI" displayName="Segoe+UI" postScript="" weightStyle="Normal" weight="400" isBold="False" isItalic="False"/>
          <lineSpacing>0</lineSpacing>
          <selectedIndex>-1</selectedIndex>
          <radius>0</radius>
        </control>
        <control controlID="EB01CD3C-8862-41D2-A684-C2CB2AF89DAF" controlTypeID="List" x="0" y="24" w="200" h="98" zOrder="2">
          <isShow>False</isShow>
          <canMove>False</canMove>
          <alias>dropDown</alias>
          <font family="Segoe+UI" displayName="Segoe+UI" postScript="" weightStyle="Normal" weight="400" isBold="False" isItalic="False"/>
          <text>CLIENT%0D%0AItem2%0D%0AItem3%0D%0AItem4</text>
          <textSize>14</textSize>
          <lineSpacing>0</lineSpacing>
          <itemHeight>24</itemHeight>
          <interlaceColor>4294967295</interlaceColor>
        </control>
      </groupChildrenDescriptors>
      <baseHeight>24</baseHeight>
      <font family="Segoe+UI"/>
      <textSize>14</textSize>
    </control>
    <control controlID="16C32DC9-F2A7-46B8-8FA2-D928706314CA" controlTypeID="DateTimePicker" x="227" y="161" w="217" h="24" zOrder="7">
      <states>
        <state propName="Text" stateType="state_mouseDown" isChecked="True" value="03+%2F+12+%2F+2020" varType="256"/>
        <state propName="Text" stateType="state_mouseOver" isChecked="True" value="03+%2F+12+%2F+2020" varType="256"/>
      </states>
      <borderColor>4293190884</borderColor>
      <remarkText>Date+de+facturation</remarkText>
      <font family="Segoe+UI" displayName="Segoe+UI" postScript="" weightStyle="Normal" weight="400" isBold="False" isItalic="False" useDefaultFontFamily="False"/>
      <text>03+%2F+12+%2F+2020</text>
      <lineSpacing>0</lineSpacing>
      <selectedIndex>-1</selectedIndex>
    </control>
    <control controlID="53FAAF08-1ECE-4CC7-8C77-79155E504866" controlTypeID="CompositeComboBox" x="670" y="161" w="200" h="24" zOrder="8">
      <remarkText>Mode+de+r%C3%A8glement</remarkText>
      <groupChildrenDescriptors>
        <control controlID="ABD4C45C-6788-4154-8193-E67FCEDFD8FE" controlTypeID="TextInput" x="0" y="0" w="177" h="24" zOrder="0">
          <locked>True</locked>
          <canMove>False</canMove>
          <alias>input</alias>
          <font family="Segoe+UI" displayName="Segoe+UI" postScript="" weightStyle="Normal" weight="400" isBold="False" isItalic="False"/>
          <text>Carte+bancaire</text>
          <lineSpacing>0</lineSpacing>
          <selectedIndex>-1</selectedIndex>
        </control>
        <control controlID="E8C081D6-930C-4B4C-A8E9-24E64DE49D21" controlTypeID="Button" x="176" y="0" w="24" h="24" zOrder="1">
          <locked>True</locked>
          <canMove>False</canMove>
          <alias>button</alias>
          <font family="Segoe+UI" displayName="Segoe+UI" postScript="" weightStyle="Normal" weight="400" isBold="False" isItalic="False"/>
          <lineSpacing>0</lineSpacing>
          <selectedIndex>-1</selectedIndex>
          <radius>0</radius>
        </control>
        <control controlID="1F766E9C-9990-4DAB-962A-656373948C1B" controlTypeID="List" x="0" y="24" w="200" h="122" zOrder="2">
          <isShow>False</isShow>
          <canMove>False</canMove>
          <alias>dropDown</alias>
          <font family="Segoe+UI" displayName="Segoe+UI" postScript="" weightStyle="Normal" weight="400" isBold="False" isItalic="False"/>
          <text>Carte+bancaire%0D%0ACh%C3%A8que%0D%0AEsp%C3%A8ce%0D%0AOrdre+de+pr%C3%A9l%C3%A8vement%0D%0AVirement+bancaire</text>
          <textSize>14</textSize>
          <lineSpacing>0</lineSpacing>
          <itemHeight>24</itemHeight>
          <interlaceColor>4294967295</interlaceColor>
        </control>
      </groupChildrenDescriptors>
      <canInput>True</canInput>
      <baseHeight>24</baseHeight>
      <font family="Segoe+UI"/>
      <textSize>14</textSize>
    </control>
    <control controlID="B7F83F15-6643-439E-A627-B6D1B08C6F9E" controlTypeID="CompositeComboBox" x="454" y="161" w="200" h="24" zOrder="9">
      <remarkText>Conditions+de+r%C3%A8glement</remarkText>
      <groupChildrenDescriptors>
        <control controlID="A3EBBCE0-E250-423D-A1FF-828224F7A675" controlTypeID="TextInput" x="0" y="0" w="177" h="24" zOrder="0">
          <locked>True</locked>
          <canMove>False</canMove>
          <alias>input</alias>
          <font family="Segoe+UI" displayName="Segoe+UI" postScript="" weightStyle="Normal" weight="400" isBold="False" isItalic="False"/>
          <text>A+r%C3%A9ception</text>
          <lineSpacing>0</lineSpacing>
          <selectedIndex>-1</selectedIndex>
        </control>
        <control controlID="B454CA70-1B11-413B-AA9D-B93851722C0A" controlTypeID="Button" x="176" y="0" w="24" h="24" zOrder="1">
          <locked>True</locked>
          <canMove>False</canMove>
          <alias>button</alias>
          <font family="Segoe+UI" displayName="Segoe+UI" postScript="" weightStyle="Normal" weight="400" isBold="False" isItalic="False"/>
          <lineSpacing>0</lineSpacing>
          <selectedIndex>-1</selectedIndex>
          <radius>0</radius>
        </control>
        <control controlID="D392C6F8-F664-4CC0-B036-7B400A0DC368" controlTypeID="List" x="0" y="24" w="200" h="314" zOrder="2">
          <isShow>False</isShow>
          <canMove>False</canMove>
          <alias>dropDown</alias>
          <font family="Segoe+UI" displayName="Segoe+UI" postScript="" weightStyle="Normal" weight="400" isBold="False" isItalic="False"/>
          <text>A+r%C3%A9ception%0D%0A30+jours%0D%0A30+jours+fin+de+mois%0D%0A60+jours%0D%0A60+jours+fin+de+mois%0D%0AA+commande%0D%0AA+livraison%0D%0A50%2F50%0D%0A10+jours%0D%0A10+jours%0D%0A10+jours+fin+de+mois%0D%0A14+jours%0D%0A14+jours+fin+de+mois</text>
          <textSize>14</textSize>
          <lineSpacing>0</lineSpacing>
          <itemHeight>24</itemHeight>
          <interlaceColor>4294967295</interlaceColor>
        </control>
      </groupChildrenDescriptors>
      <canInput>True</canInput>
      <baseHeight>24</baseHeight>
      <font family="Segoe+UI"/>
      <textSize>14</textSize>
    </control>
    <control controlID="B483B71F-C409-4BB0-BAA2-91AD3F05C38D" controlTypeID="Button" x="937" y="237" w="141" h="28" zOrder="10">
      <caption>Save</caption>
      <color>4284900966</color>
      <borderVisible>False</borderVisible>
      <links eventType="AtClick" animate="AmNone" animateAutoDelay="0" animateDuration="500">
        <link targetPageID="C22C2D62-F370-4E93-B85E-4B2A541F3C17" linkType="ltPageLink" isApplyIncludePage="False" title="Invoice">
          <area shape="0" alt="" ID="{0F2F310B-DA6C-444A-8E28-87FFB8F7736A}" coords="(0,0,141,28)"/>
        </link>
      </links>
      <font family="Segoe+UI" displayName="Segoe+UI" postScript="" weightStyle="Normal" weight="400" isBold="False" isItalic="False" useDefaultFontFamily="False"/>
      <text>ENREGISTRER</text>
      <textColor>4294967295</textColor>
      <textSize>12</textSize>
      <lineSpacing>0</lineSpacing>
      <selectedIndex>-1</selectedIndex>
      <radius>100</radius>
      <radiusIsPercent>True</radiusIsPercent>
    </control>
    <control controlID="869967B2-5554-49D4-813F-35995DD9FC6C" controlTypeID="Button" x="938" y="275" w="141" h="28" zOrder="11">
      <caption>Cancel</caption>
      <color>4284900966</color>
      <borderVisible>False</borderVisible>
      <links eventType="AtClick" animate="AmNone" animateAutoDelay="0" animateDuration="500">
        <link targetPageID="C22C2D62-F370-4E93-B85E-4B2A541F3C17" linkType="ltPageLink" isApplyIncludePage="False" title="Invoice">
          <area shape="0" alt="" ID="{0D224EA0-2B49-4520-B569-9998906E5E70}" coords="(0,0,141,28)"/>
        </link>
      </links>
      <font family="Segoe+UI" displayName="Segoe+UI" postScript="" weightStyle="Normal" weight="400" isBold="False" isItalic="False" useDefaultFontFamily="False"/>
      <text>ANNULER</text>
      <textColor>4294967295</textColor>
      <textSize>12</textSize>
      <lineSpacing>0</lineSpacing>
      <selectedIndex>-1</selectedIndex>
      <radius>100</radius>
      <radiusIsPercent>True</radiusIsPercent>
    </control>
    <control controlID="A7EF5B37-0CD8-4EA7-AA44-FEB4C75B1DE1" controlTypeID="Button" x="939" y="198" w="141" h="28" zOrder="12">
      <caption>Close</caption>
      <color>4284900966</color>
      <borderVisible>False</borderVisible>
      <links eventType="AtClick" animate="AmNone" animateAutoDelay="0" animateDuration="500">
        <link targetPageID="C22C2D62-F370-4E93-B85E-4B2A541F3C17" linkType="ltPageLink" isApplyIncludePage="False" title="Invoice">
          <area shape="0" alt="" ID="{0F2F310B-DA6C-444A-8E28-87FFB8F7736A}" coords="(0,0,141,28)"/>
        </link>
      </links>
      <font family="Segoe+UI" displayName="Segoe+UI" postScript="" weightStyle="Normal" weight="400" isBold="False" isItalic="False" useDefaultFontFamily="False"/>
      <text>FERMER</text>
      <textColor>4294967295</textColor>
      <textSize>12</textSize>
      <lineSpacing>0</lineSpacing>
      <selectedIndex>-1</selectedIndex>
      <radius>100</radius>
      <radiusIsPercent>True</radiusIsPercent>
    </control>
    <control controlID="373C5AA1-B8F2-4C95-B086-16C005465899" controlTypeID="Button" x="939" y="161" w="141" h="28" zOrder="13">
      <caption>pdf</caption>
      <color>4284900966</color>
      <borderVisible>False</borderVisible>
      <interactiveData>
        <entry title="">
          <area shape="0" alt="" ID="{490A6A0F-4EE1-4026-A87D-53EB6C5CEE1A}" coords="(0,0,141,28)"/>
          <events title="">
            <event eventType="atClick" isChecked="True">
              <behaviour title="" isChecked="True" isWait="False" isLoop="False" execMode="emParallel">
                <target targetID="4AE61388-DC7F-4FD6-B42E-4515F2F3BF99" isChecked="True" isAutoRecovery="False" isLoop="False" execMode="emSequence">
                  <command name="Change Visibility" isChecked="True" descrition="">
                    <param name="AniInterpolation" value="1" varType="3" description=""/>
                    <param name="AniDuration" value="200" varType="3" description=""/>
                    <param name="AniAutoReverse" value="False" varType="11" description=""/>
                    <param name="AniLoop" value="False" varType="11" description=""/>
                    <param name="AniInterpolationTypeOut" value="False" varType="11" description=""/>
                    <param name="Delay" value="0" varType="3" description=""/>
                    <param name="ValueFromCurrent" value="True" varType="11" description=""/>
                    <param name="ForceFromInitValue" value="False" varType="11" description=""/>
                    <param name="ForceSetVisible" value="False" varType="11" description=""/>
                    <param name="Value" value="0" varType="3" description=""/>
                    <param name="TerminateLoopByClick" value="True" varType="11" description=""/>
                  </command>
                </target>
              </behaviour>
            </event>
          </events>
        </entry>
      </interactiveData>
      <font family="Segoe+UI" displayName="Segoe+UI" postScript="" weightStyle="Normal" weight="400" isBold="False" isItalic="False" useDefaultFontFamily="False"/>
      <text>PDF</text>
      <textColor>4294967295</textColor>
      <textSize>12</textSize>
      <lineSpacing>0</lineSpacing>
      <selectedIndex>-1</selectedIndex>
      <radius>100</radius>
      <radiusIsPercent>True</radiusIsPercent>
    </control>
    <control controlID="46DAC218-B421-4D38-BFD4-1C60960AD3BF" controlTypeID="ScrollView" x="17" y="319" w="1063" h="466" zOrder="14">
      <borderVisible>False</borderVisible>
      <groupChildrenDescriptors>
        <control controlID="3D5CDE00-D038-43D0-AD93-EB6F50560E37" controlTypeID="ScrollViewContentPanel" x="0" y="0" w="1063" h="1089" zOrder="0">
          <alias>contentPanel</alias>
          <groupChildrenDescriptors>
            <control controlID="2F8ABD08-D81A-41FE-9CFD-1555894C3327" controlTypeID="Image" x="8" y="10" w="1044" h="923" zOrder="0">
              <URL>90E182C3B7FE2B7A5E5B848945F04E62.png</URL>
            </control>
          </groupChildrenDescriptors>
        </control>
        <control controlID="4DCADE82-9967-410A-8F55-F596459AE073" controlTypeID="Border" x="0" y="0" w="1063" h="466" zOrder="1">
          <color>4284900966</color>
          <borderColor>4278190080</borderColor>
          <borderVisible>False</borderVisible>
          <alias>borderLayer</alias>
        </control>
      </groupChildrenDescriptors>
      <canHoriScroll>True</canHoriScroll>
    </control>
    <control controlID="AFC06A60-634F-409F-AD85-BE85D8861E1A" controlTypeID="Label" x="692" y="201" w="74" h="19" zOrder="15">
      <font family="Segoe+UI" displayName="Segoe+UI" postScript="" weightStyle="Normal" weight="400" isBold="False" isItalic="False"/>
      <text>Montant+HT</text>
      <lineSpacing>0</lineSpacing>
      <selectedIndex>-1</selectedIndex>
    </control>
    <control controlID="E50AEBB7-8F69-444A-AF54-5BC4028D5FF9" controlTypeID="TextInput" x="786" y="198" w="84" h="24" zOrder="16">
      <font family="Segoe+UI" displayName="Segoe+UI" postScript="" weightStyle="Normal" weight="400" isBold="False" isItalic="False"/>
      <text>3200.00+%E2%82%AC</text>
      <textAlign>HaRight</textAlign>
      <lineSpacing>0</lineSpacing>
      <selectedIndex>-1</selectedIndex>
    </control>
    <control controlID="5B85E842-5BA1-4104-8DF7-AA89A0492C13" controlTypeID="Label" x="692" y="235" w="82" h="19" zOrder="17">
      <font family="Segoe+UI" displayName="Segoe+UI" postScript="" weightStyle="Normal" weight="400" isBold="False" isItalic="False"/>
      <text>Montant+TVA</text>
      <lineSpacing>0</lineSpacing>
      <selectedIndex>-1</selectedIndex>
    </control>
    <control controlID="49956A71-0854-46A9-98A2-D8C629839D29" controlTypeID="TextInput" x="786" y="232" w="84" h="24" zOrder="18">
      <font family="Segoe+UI" displayName="Segoe+UI" postScript="" weightStyle="Normal" weight="400" isBold="False" isItalic="False"/>
      <text>160.00+%E2%82%AC</text>
      <textAlign>HaRight</textAlign>
      <lineSpacing>0</lineSpacing>
      <selectedIndex>-1</selectedIndex>
    </control>
    <control controlID="AF3871F2-5987-4DD7-B05C-6FDC166D019F" controlTypeID="Label" x="692" y="269" w="80" h="19" zOrder="19">
      <font family="Segoe+UI" displayName="Segoe+UI" postScript="" weightStyle="Normal" weight="400" isBold="False" isItalic="False"/>
      <text>Montant+TTC</text>
      <lineSpacing>0</lineSpacing>
      <selectedIndex>-1</selectedIndex>
    </control>
    <control controlID="425F3F6A-F8ED-4615-A773-12EF62DBF0D7" controlTypeID="TextInput" x="786" y="266" w="84" h="24" zOrder="20">
      <font family="Segoe+UI" displayName="Segoe+UI" postScript="" weightStyle="Normal" weight="400" isBold="False" isItalic="False"/>
      <text>3380.00+%E2%82%AC</text>
      <textAlign>HaRight</textAlign>
      <lineSpacing>0</lineSpacing>
      <selectedIndex>-1</selectedIndex>
    </control>
    <control controlID="4AE61388-DC7F-4FD6-B42E-4515F2F3BF99" controlTypeID="ScrollView" x="136" y="97" w="793" h="809" zOrder="21">
      <isShow>False</isShow>
      <caption>Invoice</caption>
      <groupChildrenDescriptors>
        <control controlID="A79443F4-403B-4C6E-97C4-ABC5B22191AC" controlTypeID="ScrollViewContentPanel" x="0" y="0" w="1100" h="1185" zOrder="0">
          <alias>contentPanel</alias>
          <groupChildrenDescriptors>
            <control controlID="32574084-657A-42D5-8257-C35E707F059F" controlTypeID="Image" x="11" y="0" w="763" h="1150" zOrder="0">
              <URL>4A492C10F4359CA7055E8ED67618EBD8.png</URL>
            </control>
            <control controlID="0F7808F9-7512-4604-9119-E6AA7ED602B8" controlTypeID="Icon" x="756" y="14" w="10" h="10" zOrder="1">
              <caption>Icon+Close</caption>
              <interactiveData>
                <entry title="">
                  <area shape="0" alt="" ID="{3EE82DAD-4FCE-44A8-A8A4-9E42418AB79A}" coords="(0,0,60,60)"/>
                  <events title="">
                    <event eventType="atClick" isChecked="True">
                      <behaviour title="" isChecked="True" isWait="False" isLoop="False" execMode="emParallel">
                        <target targetID="4AE61388-DC7F-4FD6-B42E-4515F2F3BF99" isChecked="True" isAutoRecovery="True" isLoop="False" execMode="emSequence">
                          <command name="Change Visibility" isChecked="True" descrition="">
                            <param name="AniInterpolation" value="1" varType="3" description=""/>
                            <param name="AniDuration" value="200" varType="3" description=""/>
                            <param name="AniAutoReverse" value="False" varType="11" description=""/>
                            <param name="AniLoop" value="False" varType="11" description=""/>
                            <param name="AniInterpolationTypeOut" value="False" varType="11" description=""/>
                            <param name="Delay" value="0" varType="3" description=""/>
                            <param name="ValueFromCurrent" value="True" varType="11" description=""/>
                            <param name="ForceFromInitValue" value="False" varType="11" description=""/>
                            <param name="ForceSetVisible" value="False" varType="11" description=""/>
                            <param name="Value" value="1" varType="3" description=""/>
                            <param name="TerminateLoopByClick" value="True" varType="11" description=""/>
                          </command>
                        </target>
                      </behaviour>
                    </event>
                  </events>
                </entry>
              </interactiveData>
              <icon>
                <ID/>
                <iconFontName>jdIonicons</iconFontName>
                <iconCode>62167</iconCode>
              </icon>
              <URL>8BE3C7AC8FBB1747163ECAB9AB46AD44.svg</URL>
            </control>
          </groupChildrenDescriptors>
        </control>
        <control controlID="E8088BAC-A888-490A-9F42-A425C3024650" controlTypeID="Border" x="0" y="0" w="793" h="809" zOrder="1">
          <color>4284900966</color>
          <borderColor>4278190080</borderColor>
          <alias>borderLayer</alias>
        </control>
      </groupChildrenDescriptors>
      <canHoriScroll>True</canHoriScroll>
    </control>
  </controls>
  <param>
    <backgroundColor>4294967295</backgroundColor>
    <fontSize>14</fontSize>
    <fontFamily>Segoe+UI</fontFamily>
    <guideLines/>
  </param>
</mockup>