﻿<mockup version="5.3" minAllowVersion="5.3" ID="DE4770EE-BB26-4FE0-A712-732548AFA75B" platform="MtWeb" defaultW="1100" defaultH="900" measureW="1100" measureH="900" mobileScreenScale="0">
  <controls controlCount="21">
    <control controlID="9E2931AF-9F2B-4BEE-9BC2-6148D66CCD4F" controlTypeID="Panel" x="0" y="0" w="1100" h="97" zOrder="0">
      <color>4294348544</color>
      <groupChildrenDescriptors>
        <control controlID="7513C601-F31D-4A61-AF37-4D74F0547768" controlTypeID="Label" x="418" y="21" w="263" h="54" zOrder="0">
          <font family="Segoe+UI" displayName="Segoe+UI" postScript="" weightStyle="Normal" weight="400" isBold="False" isItalic="False"/>
          <text>Web+-+Factures</text>
          <textColor>4294967295</textColor>
          <textSize>40</textSize>
          <lineSpacing>0</lineSpacing>
          <useDefaultTextSize>False</useDefaultTextSize>
          <selectedIndex>-1</selectedIndex>
        </control>
        <control controlID="27095CFC-B775-4C6C-AC8A-40D003B48B3E" controlTypeID="Image" x="20" y="29" w="166" h="38" zOrder="1">
          <URL>2BA820A6C37AC3E6434815584A77CC2D.png</URL>
        </control>
        <control controlID="E5B7A386-8B0E-499F-BAD1-C8786E99164A" controlTypeID="Border" x="0" y="0" w="1100" h="97" zOrder="2">
          <alias>borderLayer</alias>
        </control>
      </groupChildrenDescriptors>
      <thinkness>1</thinkness>
    </control>
    <control controlID="79896CC4-CCAD-420F-8DF7-D68FF6C54DDF" controlTypeID="Panel" x="0" y="97" w="1100" h="56" zOrder="1">
      <groupChildrenDescriptors>
        <control controlID="6F4BF815-DC10-4BEB-BB92-7277E9F4FA3F" controlTypeID="Border" x="0" y="0" w="1100" h="56" zOrder="0">
          <alias>borderLayer</alias>
        </control>
      </groupChildrenDescriptors>
      <thinkness>1</thinkness>
    </control>
    <control controlID="7E8E1A45-608F-401C-A5BA-D1DC49F3120A" controlTypeID="Button" x="964" y="113" w="116" h="28" zOrder="2">
      <links eventType="AtClick" animate="AmNone" animateAutoDelay="0" animateDuration="500">
        <link targetPageID="5021DC09-4464-4EE1-8436-8FA694386A29" linkType="ltPageLink" isApplyIncludePage="False" title="Connexion">
          <area shape="0" alt="" ID="{B29E485D-D96B-4BA6-A37E-513E5210DCA9}" coords="(0,0,116,28)"/>
        </link>
      </links>
      <font family="Segoe+UI" displayName="Segoe+UI" postScript="" weightStyle="Normal" weight="400" isBold="False" isItalic="False"/>
      <text>DECONNEXION</text>
      <lineSpacing>0</lineSpacing>
      <selectedIndex>-1</selectedIndex>
      <radius>4</radius>
    </control>
    <control controlID="84F214CE-77AE-40CB-A808-782DEB83B7E0" controlTypeID="Panel" x="0" y="795" w="1100" h="105" zOrder="3">
      <color>4288256409</color>
      <groupChildrenDescriptors>
        <control controlID="4D48593B-3DBA-4A68-824F-E12023F5660B" controlTypeID="Label" x="356" y="15" w="442" h="19" zOrder="0">
          <font family="Segoe+UI" displayName="Segoe+UI" postScript="" weightStyle="Normal" weight="400" isBold="False" isItalic="False"/>
          <text>CDC+%C3%A9valuation+-+INFCDL3+-+D%C3%A9velopper+pour+le+WEB+-+V2+-+%C2%A9+2020+KSS</text>
          <textColor>4294967295</textColor>
          <lineSpacing>0</lineSpacing>
          <selectedIndex>-1</selectedIndex>
        </control>
        <control controlID="BF7B787C-783F-4B3F-80D9-F3712A0CC500" controlTypeID="Label" x="474" y="73" w="212" h="19" zOrder="1">
          <caption>Notice</caption>
          <interactiveData>
            <entry title="">
              <area shape="0" alt="" ID="{D10593F2-BB4B-4F48-B0E9-D2D6FC9B37A1}" coords="(0,0,212,19)"/>
              <events title="">
                <event eventType="atClick" isChecked="True">
                  <behaviour title="" isChecked="True" isWait="False" isLoop="False" execMode="emParallel">
                    <target targetID="BF7B787C-783F-4B3F-80D9-F3712A0CC500" IsNeedReplaceAsSelfID="True" isChecked="True" isAutoRecovery="True" isLoop="False" execMode="emSequence">
                      <command name="Set Text Color" isChecked="True" descrition="">
                        <param name="AniInterpolation" value="0" varType="3" description=""/>
                        <param name="AniDuration" value="200" varType="3" description=""/>
                        <param name="AniAutoReverse" value="False" varType="11" description=""/>
                        <param name="AniLoop" value="False" varType="11" description=""/>
                        <param name="AniInterpolationTypeOut" value="False" varType="11" description=""/>
                        <param name="Delay" value="0" varType="3" description=""/>
                        <param name="FromValue" value="0" varType="20" description=""/>
                        <param name="ToValue" value="4278190335" varType="20" description=""/>
                      </command>
                    </target>
                    <target targetID="D182CFD2-C8B0-4E63-ACE0-7AC29AA88D63" isChecked="True" isAutoRecovery="True" isLoop="False" execMode="emSequence">
                      <command name="Resize" isChecked="True" descrition="">
                        <param name="AniInterpolation" value="1" varType="3" description=""/>
                        <param name="AniDuration" value="200" varType="3" description=""/>
                        <param name="AniAutoReverse" value="False" varType="11" description=""/>
                        <param name="AniLoop" value="False" varType="11" description=""/>
                        <param name="AniInterpolationTypeOut" value="False" varType="11" description=""/>
                        <param name="Delay" value="0" varType="3" description=""/>
                        <param name="ValueFromCurrent" value="True" varType="11" description=""/>
                        <param name="ResizeDirection" value="0" varType="3" description=""/>
                        <param name="ValueMode" value="0" varType="3" description=""/>
                        <param name="FromWidth" value="0" varType="3" description=""/>
                        <param name="FromHeight" value="0" varType="3" description=""/>
                        <param name="ToWidth" value="809" varType="4" description=""/>
                        <param name="ToHeight" value="709" varType="4" description=""/>
                        <param name="ToX" value="0" varType="3" description=""/>
                        <param name="ToY" value="0" varType="3" description=""/>
                        <param name="TerminateLoopByClick" value="True" varType="11" description=""/>
                      </command>
                      <command name="Change Visibility" isChecked="True" descrition="">
                        <param name="AniInterpolation" value="1" varType="3" description=""/>
                        <param name="AniDuration" value="200" varType="3" description=""/>
                        <param name="AniAutoReverse" value="False" varType="11" description=""/>
                        <param name="AniLoop" value="False" varType="11" description=""/>
                        <param name="AniInterpolationTypeOut" value="False" varType="11" description=""/>
                        <param name="Delay" value="0" varType="3" description=""/>
                        <param name="ValueFromCurrent" value="True" varType="11" description=""/>
                        <param name="ForceFromInitValue" value="False" varType="11" description=""/>
                        <param name="ForceSetVisible" value="False" varType="11" description=""/>
                        <param name="Value" value="2" varType="3" description=""/>
                        <param name="TerminateLoopByClick" value="True" varType="11" description=""/>
                      </command>
                    </target>
                  </behaviour>
                </event>
              </events>
            </entry>
          </interactiveData>
          <font family="Segoe+UI" displayName="Segoe+UI" postScript="" weightStyle="Normal" weight="400" isBold="False" isItalic="False"/>
          <text>Mentions+l%C3%A9gales+et+confidentialit%C3%A9</text>
          <textColor>4294967295</textColor>
          <lineSpacing>0</lineSpacing>
          <selectedIndex>-1</selectedIndex>
        </control>
        <control controlID="8E720ACF-DC6A-46F2-A082-85A42C30F3D8" controlTypeID="Label" x="533" y="44" w="89" h="19" zOrder="2">
          <font family="Segoe+UI" displayName="Segoe+UI" postScript="" weightStyle="Normal" weight="400" isBold="False" isItalic="False"/>
          <text>Aide+-+Contact</text>
          <textColor>4294967295</textColor>
          <lineSpacing>0</lineSpacing>
          <selectedIndex>-1</selectedIndex>
        </control>
        <control controlID="7A30EB0C-FF1E-49A2-BF38-04177383212E" controlTypeID="Border" x="0" y="0" w="1100" h="105" zOrder="3">
          <alias>borderLayer</alias>
        </control>
      </groupChildrenDescriptors>
      <thinkness>1</thinkness>
    </control>
    <control controlID="C0047050-F0E2-4F42-8076-9C2F50AA1D81" controlTypeID="DateTimePicker" x="863" y="10" w="217" h="24" zOrder="4">
      <color>16777215</color>
      <borderColor>6710886</borderColor>
      <font family="Segoe+UI" displayName="Segoe+UI" postScript="" weightStyle="Normal" weight="400" isBold="False" isItalic="False"/>
      <text>03+%2F+12+%2F+2020</text>
      <textColor>4294967295</textColor>
      <textSize>14</textSize>
      <lineSpacing>0</lineSpacing>
      <selectedIndex>-1</selectedIndex>
    </control>
    <control controlID="A8980B86-F190-4BDC-948C-4268F76AF0B2" controlTypeID="Button" x="940" y="221" w="141" h="28" zOrder="5">
      <caption>Save</caption>
      <color>4284900966</color>
      <borderVisible>False</borderVisible>
      <links eventType="AtClick" animate="AmNone" animateAutoDelay="0" animateDuration="500">
        <link targetPageID="78B991E8-2ACA-45BE-92E0-53A56A3900A5" linkType="ltPageLink" isApplyIncludePage="False" title="User_list">
          <area shape="0" alt="" ID="{0F2F310B-DA6C-444A-8E28-87FFB8F7736A}" coords="(0,0,141,28)"/>
        </link>
      </links>
      <font family="Segoe+UI" displayName="Segoe+UI" postScript="" weightStyle="Normal" weight="400" isBold="False" isItalic="False" useDefaultFontFamily="False"/>
      <text>ENREGISTRER</text>
      <textColor>4294967295</textColor>
      <textSize>12</textSize>
      <lineSpacing>0</lineSpacing>
      <selectedIndex>-1</selectedIndex>
      <radius>100</radius>
      <radiusIsPercent>True</radiusIsPercent>
    </control>
    <control controlID="D182CFD2-C8B0-4E63-ACE0-7AC29AA88D63" controlTypeID="TextArea" x="0" y="95" w="291" h="58" zOrder="6">
      <states>
        <state propName="VScrollProgress" stateType="state_mouseOver" isChecked="True" value="10" varType="4"/>
        <state propName="VScrollProgress" stateType="state_mouseDown" isChecked="True" value="10" varType="4"/>
      </states>
      <isShow>False</isShow>
      <color>4294967295</color>
      <borderVisible>True</borderVisible>
      <verticalScrollbarShow>True</verticalScrollbarShow>
      <verticalScrollbarProgress>10</verticalScrollbarProgress>
      <font family="Segoe+UI" displayName="Segoe+UI" postScript="" weightStyle="Normal" weight="400" isBold="False" isItalic="False"/>
      <text>Mentions+l%C3%A9gales%0D%0AInformations+l%C3%A9gales%0D%0AUn+Temps+pour+Vous%0D%0A%0D%0ASARL+au+capital+de+7+500+euros%2C%0D%0Acr%C3%A9%C3%A9e+le+13+novembre+2020%2C%0D%0A%0D%0A%0D%0ASi%C3%A8ge+social+%3A%0D%0A1+rue+de+la+Paix%0D%0A75012+Paris%0D%0A%0D%0AL%E2%80%99Internaute+peut+contacter+la+soci%C3%A9t%C3%A9+Un+Temps+pour+Vous+aux+coordonn%C3%A9es+suivantes+%3A+%0D%0A%0D%0AE-mail+%3A+contact@aavapo.com%0D%0ANum%C3%A9ro+de+t%C3%A9l%C3%A9phone+%3A+01+45+44+45+91+-+du+lundi+au+vendredi+de+9h+%C3%A0+18h+sans+interruption%0D%0ADirecteur+de+la+publication+%3A%0D%0A%0D%0ACorentine+du+HALGOUET%0D%0A%0D%0AConception+et+r%C3%A9alisation+du+Site+Internet+%3A%0D%0A%0D%0ACyril+GOURGEOT%0D%0A%0D%0AH%C3%A9bergement+du+Site+Internet+%3A%0D%0A%0D%0AOVH+SAS%0D%0ARCS+Roubaix+%E2%80%93+Tourcoing%3A+424+761+419+00045%0D%0ACapital%3A+10+M%E2%82%AC%0D%0AOVH+BP+80157%0D%0A59053+ROUBAIX%0D%0A%0D%0ADonn%C3%A9es+personnelles%0D%0ALes+informations+que+vous+saisissez+sont+n%C3%A9cessaires+%C3%A0+un+Temps+pour+Vous+pour+traiter+votre+demande.+Le+traitement+automatis%C3%A9+des+donn%C3%A9es+manuelles+a+fait+l%E2%80%99objet+d%E2%80%99une+d%C3%A9claration+%C3%A0+la+CNIL+qui+porte+le+num%C3%A9ro+%3A+1056184.+Conform%C3%A9ment+aux+dispositions+de+la+loi+informatique+et+libert%C3%A9+du+6+janvier+1978%2C+l%E2%80%99internaute+dispose+d%E2%80%99un+droit+d%E2%80%99acc%C3%A8s+et+de+rectification+portant+sur+les+donn%C3%A9es+le+concernant+en+%C3%A9crivant+%C3%A0+un+Temps+pour+Vous%2C+45+rue+Crozatier%2C+75012+Paris.%0D%0A%0D%0ADispositif+de+m%C3%A9diation%0D%0AConform%C3%A9ment+aux+articles+du+code+de+la+consommation+L611-1+et+suivants+et+R612-1+et+suivants%2C+il+est+pr%C3%A9vu+que+pour+tout+litige+de+nature+contractuelle+portant+sur+l'ex%C3%A9cution+du+contrat+de+vente+et%2Fou+la+prestation+de+services+n'ayant+pu+%C3%AAtre+r%C3%A9solu+dans+le+cadre+d'une+r%C3%A9clamation+pr%C3%A9alablement+introduite+aupr%C3%A8s+de+notre+service+client%2C+le+Consommateur+pourra+recourir+gratuitement+%C3%A0+la+m%C3%A9diation.+Il+contactera+l'Association+Nationale+des+M%C3%A9diateurs+(ANM)+soit+par+courrier+en+%C3%A9crivant+au+62+rue+Tiquetonne+75002+PARIS+soit+par+e-mail+en+remplissant+le+formulaire+de+saisine+en+ligne+%C3%A0+l'adresse+suivante+www.anm-conso.com.%0D%0A%0D%0AVente+en+ligne%0D%0AConform%C3%A9ment+%C3%A0+l'article+14.1+du+r%C3%A8glement+(UE)+n%C2%B0524%2F2013+du+parlement+europ%C3%A9en+et+du+conseil+du+21+mai+2013%2C+Un+Temps+pour+Vous+signale+%C3%A0+ses+clients+le+lien+vers+la+plate-forme+de+r%C3%A8glement+en+ligne+des+litiges+(RLL)+%3A+lien%0D%0A%0D%0ACopyright+%C2%A9%0D%0ALes+informations%2C+donn%C3%A9es%2C+images+et+marques+publi%C3%A9es+sur+www.untempspourvous.fr+sont+la+propri%C3%A9t%C3%A9+exclusive+de+leurs+titulaires+respectifs.%0D%0A%0D%0AIl+est+strictement+interdit+de+publier%2C+diffuser%2C+reproduire+les+informations+ou+donn%C3%A9es+de+Un+Temps+pour+Vous+quelqu'en+soit+le+support+dans+le+but+de+les+transmettre+%C3%A0+un+tiers+et+ce%2C+sans+en+indiquer+explicitement+la+source+par+l'apposition+du+copyright.%0D%0A%0D%0ADe+plus+l'utilisation+dans+le+cadre+d'une+activit%C3%A9+%C3%A9conomique+et+commerciale+des+informations+et+donn%C3%A9es+de+ce+site+est+strictement+interdite+sans+accord+pr%C3%A9alable+de+Un+Temps+pour+Vous.</text>
      <textAlign>HaCenter</textAlign>
      <textWordWrap>False</textWordWrap>
      <selectedIndex>-1</selectedIndex>
    </control>
    <control controlID="8AA6EFED-051E-48A7-9E76-8D9BA080CF3B" controlTypeID="Button" x="941" y="259" w="141" h="28" zOrder="7">
      <caption>Cancel</caption>
      <color>4284900966</color>
      <borderVisible>False</borderVisible>
      <links eventType="AtClick" animate="AmNone" animateAutoDelay="0" animateDuration="500">
        <link targetPageID="78B991E8-2ACA-45BE-92E0-53A56A3900A5" linkType="ltPageLink" isApplyIncludePage="False" title="User_list">
          <area shape="0" alt="" ID="{0D224EA0-2B49-4520-B569-9998906E5E70}" coords="(0,0,141,28)"/>
        </link>
      </links>
      <font family="Segoe+UI" displayName="Segoe+UI" postScript="" weightStyle="Normal" weight="400" isBold="False" isItalic="False" useDefaultFontFamily="False"/>
      <text>ANNULER</text>
      <textColor>4294967295</textColor>
      <textSize>12</textSize>
      <lineSpacing>0</lineSpacing>
      <selectedIndex>-1</selectedIndex>
      <radius>100</radius>
      <radiusIsPercent>True</radiusIsPercent>
    </control>
    <control controlID="AF2EFF36-DDFB-4A3B-A08B-14826EF4701E" controlTypeID="ScrollView" x="177" y="153" w="753" h="642" zOrder="8">
      <groupChildrenDescriptors>
        <control controlID="85C3ACF1-0EAA-4ED2-8884-ED71B45B38AA" controlTypeID="ScrollViewContentPanel" x="0" y="0" w="908" h="1074" zOrder="0">
          <alias>contentPanel</alias>
          <groupChildrenDescriptors>
            <control controlID="27609A6E-E975-4481-A30D-9EB0B65E1F96" controlTypeID="Image" x="0" y="0" w="908" h="1016" zOrder="0">
              <URL>B03D5ECF12164BB98531875DBFAD0A10.png</URL>
            </control>
          </groupChildrenDescriptors>
        </control>
        <control controlID="7AC7731E-EA6A-4ACB-A836-BA2B38CFA7F5" controlTypeID="Border" x="0" y="0" w="753" h="642" zOrder="1">
          <color>4284900966</color>
          <borderColor>4278190080</borderColor>
          <alias>borderLayer</alias>
        </control>
      </groupChildrenDescriptors>
      <canHoriScroll>True</canHoriScroll>
    </control>
    <control controlID="6640B6EC-239F-4042-8036-1CEF123B36A4" controlTypeID="Button" x="940" y="183" w="141" h="28" zOrder="9">
      <caption>Close</caption>
      <color>4284900966</color>
      <borderVisible>False</borderVisible>
      <links eventType="AtClick" animate="AmNone" animateAutoDelay="0" animateDuration="500">
        <link targetPageID="78B991E8-2ACA-45BE-92E0-53A56A3900A5" linkType="ltPageLink" isApplyIncludePage="False" title="User_list">
          <area shape="0" alt="" ID="{0F2F310B-DA6C-444A-8E28-87FFB8F7736A}" coords="(0,0,141,28)"/>
        </link>
      </links>
      <font family="Segoe+UI" displayName="Segoe+UI" postScript="" weightStyle="Normal" weight="400" isBold="False" isItalic="False" useDefaultFontFamily="False"/>
      <text>FERMER</text>
      <textColor>4294967295</textColor>
      <textSize>12</textSize>
      <lineSpacing>0</lineSpacing>
      <selectedIndex>-1</selectedIndex>
      <radius>100</radius>
      <radiusIsPercent>True</radiusIsPercent>
    </control>
  </controls>
  <param>
    <backgroundColor>4294967295</backgroundColor>
    <fontSize>14</fontSize>
    <fontFamily>Segoe+UI</fontFamily>
    <guideLines/>
  </param>
</mockup>