﻿<mockup version="5.3" minAllowVersion="5.3" ID="48070E56-44B9-40F4-B592-19FF2DEC49F7" platform="MtWeb" defaultW="1100" defaultH="900" measureW="1100" measureH="900" mobileScreenScale="0">
  <controls controlCount="23">
    <control controlID="9E2931AF-9F2B-4BEE-9BC2-6148D66CCD4F" controlTypeID="Panel" x="0" y="0" w="1100" h="97" zOrder="0">
      <color>4294348544</color>
      <groupChildrenDescriptors>
        <control controlID="7513C601-F31D-4A61-AF37-4D74F0547768" controlTypeID="Label" x="418" y="21" w="263" h="54" zOrder="0">
          <font family="Segoe+UI" displayName="Segoe+UI" postScript="" weightStyle="Normal" weight="400" isBold="False" isItalic="False"/>
          <text>Web+-+Factures</text>
          <textColor>4294967295</textColor>
          <textSize>40</textSize>
          <lineSpacing>0</lineSpacing>
          <useDefaultTextSize>False</useDefaultTextSize>
          <selectedIndex>-1</selectedIndex>
        </control>
        <control controlID="E5B7A386-8B0E-499F-BAD1-C8786E99164A" controlTypeID="Border" x="0" y="0" w="1100" h="97" zOrder="1">
          <alias>borderLayer</alias>
        </control>
      </groupChildrenDescriptors>
      <thinkness>1</thinkness>
    </control>
    <control controlID="79896CC4-CCAD-420F-8DF7-D68FF6C54DDF" controlTypeID="Panel" x="0" y="97" w="1100" h="56" zOrder="1">
      <groupChildrenDescriptors>
        <control controlID="6F4BF815-DC10-4BEB-BB92-7277E9F4FA3F" controlTypeID="Border" x="0" y="0" w="1100" h="56" zOrder="0">
          <alias>borderLayer</alias>
        </control>
      </groupChildrenDescriptors>
      <thinkness>1</thinkness>
    </control>
    <control controlID="E0AE9FD4-7FFE-474D-B574-9221062D6DFE" controlTypeID="Icon" x="566" y="113" w="24" h="24" zOrder="2">
      <links eventType="AtClick" animate="AmNone" animateAutoDelay="0" animateDuration="500">
        <link targetPageID="48070E56-44B9-40F4-B592-19FF2DEC49F7" linkType="ltPageLink" isApplyIncludePage="False" title="Home">
          <area shape="0" alt="" ID="{99D1A2E5-375B-450B-8F98-CEB062F9C5BD}" coords="(0,0,24,24)"/>
        </link>
      </links>
      <icon>
        <ID>HomeMobile.png</ID>
        <iconFontName/>
        <iconCode>-1</iconCode>
      </icon>
      <URL>CE014F204571B4A62E91E55B8D105441.png</URL>
    </control>
    <control controlID="84F214CE-77AE-40CB-A808-782DEB83B7E0" controlTypeID="Panel" x="0" y="802" w="1100" h="113" zOrder="3">
      <color>4288256409</color>
      <groupChildrenDescriptors>
        <control controlID="4D48593B-3DBA-4A68-824F-E12023F5660B" controlTypeID="Label" x="356" y="15" w="442" h="19" zOrder="0">
          <font family="Segoe+UI" displayName="Segoe+UI" postScript="" weightStyle="Normal" weight="400" isBold="False" isItalic="False"/>
          <text>CDC+%C3%A9valuation+-+INFCDL3+-+D%C3%A9velopper+pour+le+WEB+-+V2+-+%C2%A9+2020+KSS</text>
          <textColor>4294967295</textColor>
          <lineSpacing>0</lineSpacing>
          <selectedIndex>-1</selectedIndex>
        </control>
        <control controlID="BF7B787C-783F-4B3F-80D9-F3712A0CC500" controlTypeID="Label" x="474" y="73" w="212" h="19" zOrder="1">
          <caption>Notice</caption>
          <interactiveData>
            <entry title="">
              <area shape="0" alt="" ID="{4A8D6015-CD93-42D1-A88D-952150959EC3}" coords="(0,0,212,19)"/>
              <events title="">
                <event eventType="atClick" isChecked="True">
                  <behaviour title="" isChecked="True" isWait="False" isLoop="False" execMode="emParallel">
                    <target targetID="BF7B787C-783F-4B3F-80D9-F3712A0CC500" IsNeedReplaceAsSelfID="True" isChecked="True" isAutoRecovery="True" isLoop="False" execMode="emSequence">
                      <command name="Set Text Color" isChecked="True" descrition="">
                        <param name="AniInterpolation" value="0" varType="3" description=""/>
                        <param name="AniDuration" value="200" varType="3" description=""/>
                        <param name="AniAutoReverse" value="False" varType="11" description=""/>
                        <param name="AniLoop" value="False" varType="11" description=""/>
                        <param name="AniInterpolationTypeOut" value="False" varType="11" description=""/>
                        <param name="Delay" value="0" varType="3" description=""/>
                        <param name="FromValue" value="0" varType="20" description=""/>
                        <param name="ToValue" value="4278190335" varType="20" description=""/>
                      </command>
                    </target>
                    <target targetID="32E52E07-B76F-4084-91E0-14D117DE93D1" isChecked="True" isAutoRecovery="True" isLoop="False" execMode="emSequence">
                      <command name="Resize" isChecked="True" descrition="">
                        <param name="AniInterpolation" value="1" varType="3" description=""/>
                        <param name="AniDuration" value="200" varType="3" description=""/>
                        <param name="AniAutoReverse" value="False" varType="11" description=""/>
                        <param name="AniLoop" value="False" varType="11" description=""/>
                        <param name="AniInterpolationTypeOut" value="False" varType="11" description=""/>
                        <param name="Delay" value="0" varType="3" description=""/>
                        <param name="ValueFromCurrent" value="True" varType="11" description=""/>
                        <param name="ResizeDirection" value="0" varType="3" description=""/>
                        <param name="ValueMode" value="0" varType="3" description=""/>
                        <param name="FromWidth" value="0" varType="3" description=""/>
                        <param name="FromHeight" value="0" varType="3" description=""/>
                        <param name="ToWidth" value="809" varType="4" description=""/>
                        <param name="ToHeight" value="709" varType="4" description=""/>
                        <param name="ToX" value="0" varType="3" description=""/>
                        <param name="ToY" value="0" varType="3" description=""/>
                        <param name="TerminateLoopByClick" value="True" varType="11" description=""/>
                      </command>
                      <command name="Change Visibility" isChecked="True" descrition="">
                        <param name="AniInterpolation" value="1" varType="3" description=""/>
                        <param name="AniDuration" value="200" varType="3" description=""/>
                        <param name="AniAutoReverse" value="False" varType="11" description=""/>
                        <param name="AniLoop" value="False" varType="11" description=""/>
                        <param name="AniInterpolationTypeOut" value="False" varType="11" description=""/>
                        <param name="Delay" value="0" varType="3" description=""/>
                        <param name="ValueFromCurrent" value="True" varType="11" description=""/>
                        <param name="ForceFromInitValue" value="False" varType="11" description=""/>
                        <param name="ForceSetVisible" value="False" varType="11" description=""/>
                        <param name="Value" value="2" varType="3" description=""/>
                        <param name="TerminateLoopByClick" value="True" varType="11" description=""/>
                      </command>
                    </target>
                  </behaviour>
                </event>
              </events>
            </entry>
          </interactiveData>
          <font family="Segoe+UI" displayName="Segoe+UI" postScript="" weightStyle="Normal" weight="400" isBold="False" isItalic="False"/>
          <text>Mentions+l%C3%A9gales+et+confidentialit%C3%A9</text>
          <textColor>4294967295</textColor>
          <lineSpacing>0</lineSpacing>
          <selectedIndex>-1</selectedIndex>
        </control>
        <control controlID="8E720ACF-DC6A-46F2-A082-85A42C30F3D8" controlTypeID="Label" x="533" y="44" w="89" h="19" zOrder="2">
          <font family="Segoe+UI" displayName="Segoe+UI" postScript="" weightStyle="Normal" weight="400" isBold="False" isItalic="False"/>
          <text>Aide+-+Contact</text>
          <textColor>4294967295</textColor>
          <lineSpacing>0</lineSpacing>
          <selectedIndex>-1</selectedIndex>
        </control>
        <control controlID="7A30EB0C-FF1E-49A2-BF38-04177383212E" controlTypeID="Border" x="0" y="0" w="1100" h="113" zOrder="3">
          <alias>borderLayer</alias>
        </control>
      </groupChildrenDescriptors>
      <thinkness>1</thinkness>
    </control>
    <control controlID="C0047050-F0E2-4F42-8076-9C2F50AA1D81" controlTypeID="DateTimePicker" x="863" y="10" w="217" h="24" zOrder="4">
      <color>16777215</color>
      <borderColor>6710886</borderColor>
      <font family="Segoe+UI" displayName="Segoe+UI" postScript="" weightStyle="Normal" weight="400" isBold="False" isItalic="False"/>
      <text>03+%2F+12+%2F+2020</text>
      <textColor>4294967295</textColor>
      <textSize>14</textSize>
      <lineSpacing>0</lineSpacing>
      <selectedIndex>-1</selectedIndex>
    </control>
    <control controlID="F597EEF3-1C52-446E-B0D7-DD25089C9981" controlTypeID="Image" x="20" y="32" w="166" h="38" zOrder="5">
      <URL>D4E0BD54A1ECCB9D74CB41B55ADF9B51.png</URL>
    </control>
    <control controlID="917DB425-085F-4BF6-B6E3-C90FB7665903" controlTypeID="TextInput" x="482" y="206" w="195" h="24" zOrder="6">
      <font family="Segoe+UI" displayName="Segoe+UI" postScript="" weightStyle="Normal" weight="400" isBold="False" isItalic="False"/>
      <text>Identifiant</text>
      <lineSpacing>0</lineSpacing>
      <selectedIndex>-1</selectedIndex>
    </control>
    <control controlID="E97D8AC3-2209-4D5B-90D1-666FE2824E06" controlTypeID="TextInput" x="482" y="240" w="195" h="24" zOrder="7">
      <font family="Segoe+UI" displayName="Segoe+UI" postScript="" weightStyle="Normal" weight="400" isBold="False" isItalic="False"/>
      <text>Mot+de+passe</text>
      <lineSpacing>0</lineSpacing>
      <selectedIndex>-1</selectedIndex>
    </control>
    <control controlID="A2E88D8E-E053-4EC8-A451-F5F577FD100B" controlTypeID="Icon" x="441" y="206" w="24" h="24" zOrder="8">
      <icon>
        <ID>User.png</ID>
        <iconFontName/>
        <iconCode>-1</iconCode>
      </icon>
      <URL>C74E1A687932AA10F31BCB16E018D79A.png</URL>
    </control>
    <control controlID="7A232EEC-A98E-4A13-91FC-7AC943334A6A" controlTypeID="Icon" x="687" y="240" w="24" h="24" zOrder="9">
      <icon>
        <ID>Eye.png</ID>
        <iconFontName/>
        <iconCode>-1</iconCode>
      </icon>
      <URL>5C83C0AAC27FC66A2CC76C98F7A93654.png</URL>
    </control>
    <control controlID="C6F38946-14C4-4863-903F-84E8EC5BEFED" controlTypeID="Icon" x="441" y="240" w="24" h="24" zOrder="10">
      <icon>
        <ID>Lock.png</ID>
        <iconFontName/>
        <iconCode>-1</iconCode>
      </icon>
      <URL>524D04FA7520A9E6BCE07B7691A6EAC8.png</URL>
    </control>
    <control controlID="80C66EB6-1C63-4276-94C7-2C926BC8E8C4" controlTypeID="Button" x="521" y="287" w="116" h="28" zOrder="11">
      <color>4284900966</color>
      <borderVisible>False</borderVisible>
      <links eventType="AtClick" animate="AmNone" animateAutoDelay="0" animateDuration="500">
        <link targetPageID="7A71BF48-88DE-40D2-A3FF-28E4FDC99F76" linkType="ltPageLink" isApplyIncludePage="False" title="Admin">
          <area shape="0" alt="" ID="{30591B64-0138-43EC-9711-90B6CB58BD65}" coords="(0,0,116,28)"/>
        </link>
      </links>
      <font family="Segoe+UI" displayName="Segoe+UI" postScript="" weightStyle="Normal" weight="400" isBold="False" isItalic="False" useDefaultFontFamily="False"/>
      <text>CONNEXION+Admin</text>
      <textColor>4294967295</textColor>
      <textSize>12</textSize>
      <lineSpacing>0</lineSpacing>
      <selectedIndex>-1</selectedIndex>
      <radius>100</radius>
      <radiusIsPercent>True</radiusIsPercent>
    </control>
    <control controlID="B2EBEC45-96E3-40FD-88EB-C85F75796B89" controlTypeID="Label" x="411" y="363" w="335" h="19" zOrder="12">
      <font family="Segoe+UI" displayName="Segoe+UI" postScript="" weightStyle="Normal" weight="400" isBold="False" isItalic="False"/>
      <text>(Mot+de+passe+oubli%C3%A9+%3F+-+Besoin+d'assistance+ou+aide+%3F)</text>
      <lineSpacing>0</lineSpacing>
      <selectedIndex>-1</selectedIndex>
    </control>
    <control controlID="FF3E0B48-BCD3-4C78-A6B9-B185F942EFF8" controlTypeID="Image" x="20" y="32" w="166" h="38" zOrder="13">
      <URL>2BA820A6C37AC3E6434815584A77CC2D.png</URL>
    </control>
    <control controlID="7CCEC774-81C8-48A7-B863-9B72A58D9C14" controlTypeID="Button" x="520" y="325" w="116" h="28" zOrder="14">
      <color>4284900966</color>
      <borderVisible>False</borderVisible>
      <links eventType="AtClick" animate="AmNone" animateAutoDelay="0" animateDuration="500">
        <link targetPageID="5AB42D85-BC11-407D-B985-489A4A774448" linkType="ltPageLink" isApplyIncludePage="False" title="User">
          <area shape="0" alt="" ID="{608D6F5F-15F8-4C81-87B4-96648686DAE7}" coords="(0,0,116,28)"/>
        </link>
      </links>
      <font family="Segoe+UI" displayName="Segoe+UI" postScript="" weightStyle="Normal" weight="400" isBold="False" isItalic="False" useDefaultFontFamily="False"/>
      <text>CONNEXION+User</text>
      <textColor>4294967295</textColor>
      <textSize>12</textSize>
      <lineSpacing>0</lineSpacing>
      <selectedIndex>-1</selectedIndex>
      <radius>100</radius>
      <radiusIsPercent>True</radiusIsPercent>
    </control>
    <control controlID="32E52E07-B76F-4084-91E0-14D117DE93D1" controlTypeID="TextArea" x="0" y="95" w="291" h="58" zOrder="15">
      <states>
        <state propName="VScrollProgress" stateType="state_mouseOver" isChecked="True" value="10" varType="4"/>
        <state propName="VScrollProgress" stateType="state_mouseDown" isChecked="True" value="10" varType="4"/>
      </states>
      <isShow>False</isShow>
      <color>4294967295</color>
      <borderVisible>True</borderVisible>
      <verticalScrollbarShow>True</verticalScrollbarShow>
      <verticalScrollbarProgress>10</verticalScrollbarProgress>
      <font family="Segoe+UI" displayName="Segoe+UI" postScript="" weightStyle="Normal" weight="400" isBold="False" isItalic="False"/>
      <text>Mentions+l%C3%A9gales%0D%0AInformations+l%C3%A9gales%0D%0AUn+Temps+pour+Vous%0D%0A%0D%0ASARL+au+capital+de+7+500+euros%2C%0D%0Acr%C3%A9%C3%A9e+le+13+novembre+2020%2C%0D%0A%0D%0A%0D%0ASi%C3%A8ge+social+%3A%0D%0A1+rue+de+la+Paix%0D%0A75012+Paris%0D%0A%0D%0AL%E2%80%99Internaute+peut+contacter+la+soci%C3%A9t%C3%A9+Un+Temps+pour+Vous+aux+coordonn%C3%A9es+suivantes+%3A+%0D%0A%0D%0AE-mail+%3A+contact@aavapo.com%0D%0ANum%C3%A9ro+de+t%C3%A9l%C3%A9phone+%3A+01+45+44+45+91+-+du+lundi+au+vendredi+de+9h+%C3%A0+18h+sans+interruption%0D%0ADirecteur+de+la+publication+%3A%0D%0A%0D%0ACorentine+du+HALGOUET%0D%0A%0D%0AConception+et+r%C3%A9alisation+du+Site+Internet+%3A%0D%0A%0D%0ACyril+GOURGEOT%0D%0A%0D%0AH%C3%A9bergement+du+Site+Internet+%3A%0D%0A%0D%0AOVH+SAS%0D%0ARCS+Roubaix+%E2%80%93+Tourcoing%3A+424+761+419+00045%0D%0ACapital%3A+10+M%E2%82%AC%0D%0AOVH+BP+80157%0D%0A59053+ROUBAIX%0D%0A%0D%0ADonn%C3%A9es+personnelles%0D%0ALes+informations+que+vous+saisissez+sont+n%C3%A9cessaires+%C3%A0+un+Temps+pour+Vous+pour+traiter+votre+demande.+Le+traitement+automatis%C3%A9+des+donn%C3%A9es+manuelles+a+fait+l%E2%80%99objet+d%E2%80%99une+d%C3%A9claration+%C3%A0+la+CNIL+qui+porte+le+num%C3%A9ro+%3A+1056184.+Conform%C3%A9ment+aux+dispositions+de+la+loi+informatique+et+libert%C3%A9+du+6+janvier+1978%2C+l%E2%80%99internaute+dispose+d%E2%80%99un+droit+d%E2%80%99acc%C3%A8s+et+de+rectification+portant+sur+les+donn%C3%A9es+le+concernant+en+%C3%A9crivant+%C3%A0+un+Temps+pour+Vous%2C+45+rue+Crozatier%2C+75012+Paris.%0D%0A%0D%0ADispositif+de+m%C3%A9diation%0D%0AConform%C3%A9ment+aux+articles+du+code+de+la+consommation+L611-1+et+suivants+et+R612-1+et+suivants%2C+il+est+pr%C3%A9vu+que+pour+tout+litige+de+nature+contractuelle+portant+sur+l'ex%C3%A9cution+du+contrat+de+vente+et%2Fou+la+prestation+de+services+n'ayant+pu+%C3%AAtre+r%C3%A9solu+dans+le+cadre+d'une+r%C3%A9clamation+pr%C3%A9alablement+introduite+aupr%C3%A8s+de+notre+service+client%2C+le+Consommateur+pourra+recourir+gratuitement+%C3%A0+la+m%C3%A9diation.+Il+contactera+l'Association+Nationale+des+M%C3%A9diateurs+(ANM)+soit+par+courrier+en+%C3%A9crivant+au+62+rue+Tiquetonne+75002+PARIS+soit+par+e-mail+en+remplissant+le+formulaire+de+saisine+en+ligne+%C3%A0+l'adresse+suivante+www.anm-conso.com.%0D%0A%0D%0AVente+en+ligne%0D%0AConform%C3%A9ment+%C3%A0+l'article+14.1+du+r%C3%A8glement+(UE)+n%C2%B0524%2F2013+du+parlement+europ%C3%A9en+et+du+conseil+du+21+mai+2013%2C+Un+Temps+pour+Vous+signale+%C3%A0+ses+clients+le+lien+vers+la+plate-forme+de+r%C3%A8glement+en+ligne+des+litiges+(RLL)+%3A+lien%0D%0A%0D%0ACopyright+%C2%A9%0D%0ALes+informations%2C+donn%C3%A9es%2C+images+et+marques+publi%C3%A9es+sur+www.untempspourvous.fr+sont+la+propri%C3%A9t%C3%A9+exclusive+de+leurs+titulaires+respectifs.%0D%0A%0D%0AIl+est+strictement+interdit+de+publier%2C+diffuser%2C+reproduire+les+informations+ou+donn%C3%A9es+de+Un+Temps+pour+Vous+quelqu'en+soit+le+support+dans+le+but+de+les+transmettre+%C3%A0+un+tiers+et+ce%2C+sans+en+indiquer+explicitement+la+source+par+l'apposition+du+copyright.%0D%0A%0D%0ADe+plus+l'utilisation+dans+le+cadre+d'une+activit%C3%A9+%C3%A9conomique+et+commerciale+des+informations+et+donn%C3%A9es+de+ce+site+est+strictement+interdite+sans+accord+pr%C3%A9alable+de+Un+Temps+pour+Vous.</text>
      <textAlign>HaCenter</textAlign>
      <textWordWrap>False</textWordWrap>
      <selectedIndex>-1</selectedIndex>
    </control>
  </controls>
  <param>
    <backgroundColor>4294967295</backgroundColor>
    <fontSize>14</fontSize>
    <fontFamily>Segoe+UI</fontFamily>
    <guideLines/>
  </param>
</mockup>