﻿<mockup version="5.3" minAllowVersion="5.3" ID="7A71BF48-88DE-40D2-A3FF-28E4FDC99F76" platform="MtWeb" defaultW="1100" defaultH="900" measureW="1100" measureH="900" mobileScreenScale="0">
  <controls controlCount="90">
    <control controlID="9E2931AF-9F2B-4BEE-9BC2-6148D66CCD4F" controlTypeID="Panel" x="0" y="0" w="1100" h="97" zOrder="0">
      <color>4294348544</color>
      <groupChildrenDescriptors>
        <control controlID="7513C601-F31D-4A61-AF37-4D74F0547768" controlTypeID="Label" x="418" y="21" w="263" h="54" zOrder="0">
          <font family="Segoe+UI" displayName="Segoe+UI" postScript="" weightStyle="Normal" weight="400" isBold="False" isItalic="False"/>
          <text>Web+-+Factures</text>
          <textColor>4294967295</textColor>
          <textSize>40</textSize>
          <lineSpacing>0</lineSpacing>
          <useDefaultTextSize>False</useDefaultTextSize>
          <selectedIndex>-1</selectedIndex>
        </control>
        <control controlID="27095CFC-B775-4C6C-AC8A-40D003B48B3E" controlTypeID="Image" x="20" y="29" w="166" h="38" zOrder="1">
          <URL>2BA820A6C37AC3E6434815584A77CC2D.png</URL>
        </control>
        <control controlID="E5B7A386-8B0E-499F-BAD1-C8786E99164A" controlTypeID="Border" x="0" y="0" w="1100" h="97" zOrder="2">
          <alias>borderLayer</alias>
        </control>
      </groupChildrenDescriptors>
      <thinkness>1</thinkness>
    </control>
    <control controlID="79896CC4-CCAD-420F-8DF7-D68FF6C54DDF" controlTypeID="Panel" x="0" y="97" w="1100" h="56" zOrder="1">
      <groupChildrenDescriptors>
        <control controlID="6F4BF815-DC10-4BEB-BB92-7277E9F4FA3F" controlTypeID="Border" x="0" y="0" w="1100" h="56" zOrder="0">
          <alias>borderLayer</alias>
        </control>
      </groupChildrenDescriptors>
      <thinkness>1</thinkness>
    </control>
    <control controlID="7E8E1A45-608F-401C-A5BA-D1DC49F3120A" controlTypeID="Button" x="964" y="113" w="116" h="28" zOrder="2">
      <links eventType="AtClick" animate="AmNone" animateAutoDelay="0" animateDuration="500">
        <link targetPageID="5021DC09-4464-4EE1-8436-8FA694386A29" linkType="ltPageLink" isApplyIncludePage="False" title="Connexion">
          <area shape="0" alt="" ID="{B29E485D-D96B-4BA6-A37E-513E5210DCA9}" coords="(0,0,116,28)"/>
        </link>
      </links>
      <font family="Segoe+UI" displayName="Segoe+UI" postScript="" weightStyle="Normal" weight="400" isBold="False" isItalic="False"/>
      <text>DECONNEXION</text>
      <lineSpacing>0</lineSpacing>
      <selectedIndex>-1</selectedIndex>
      <radius>4</radius>
    </control>
    <control controlID="84F214CE-77AE-40CB-A808-782DEB83B7E0" controlTypeID="Panel" x="0" y="795" w="1100" h="105" zOrder="3">
      <color>4288256409</color>
      <groupChildrenDescriptors>
        <control controlID="4D48593B-3DBA-4A68-824F-E12023F5660B" controlTypeID="Label" x="356" y="15" w="442" h="19" zOrder="0">
          <font family="Segoe+UI" displayName="Segoe+UI" postScript="" weightStyle="Normal" weight="400" isBold="False" isItalic="False"/>
          <text>CDC+%C3%A9valuation+-+INFCDL3+-+D%C3%A9velopper+pour+le+WEB+-+V2+-+%C2%A9+2020+KSS</text>
          <textColor>4294967295</textColor>
          <lineSpacing>0</lineSpacing>
          <selectedIndex>-1</selectedIndex>
        </control>
        <control controlID="BF7B787C-783F-4B3F-80D9-F3712A0CC500" controlTypeID="Label" x="474" y="73" w="212" h="19" zOrder="1">
          <caption>Notice</caption>
          <interactiveData>
            <entry title="">
              <area shape="0" alt="" ID="{6FD55132-14A0-4ED3-BD93-FBD253E7AE24}" coords="(0,0,212,19)"/>
              <events title="">
                <event eventType="atClick" isChecked="True">
                  <behaviour title="" isChecked="True" isWait="False" isLoop="False" execMode="emParallel">
                    <target targetID="BF7B787C-783F-4B3F-80D9-F3712A0CC500" IsNeedReplaceAsSelfID="True" isChecked="True" isAutoRecovery="True" isLoop="False" execMode="emSequence">
                      <command name="Set Text Color" isChecked="True" descrition="">
                        <param name="AniInterpolation" value="0" varType="3" description=""/>
                        <param name="AniDuration" value="200" varType="3" description=""/>
                        <param name="AniAutoReverse" value="False" varType="11" description=""/>
                        <param name="AniLoop" value="False" varType="11" description=""/>
                        <param name="AniInterpolationTypeOut" value="False" varType="11" description=""/>
                        <param name="Delay" value="0" varType="3" description=""/>
                        <param name="FromValue" value="0" varType="20" description=""/>
                        <param name="ToValue" value="4278190335" varType="20" description=""/>
                      </command>
                    </target>
                    <target targetID="A34B90B6-42C6-42D5-B630-9BEA7A3B248E" isChecked="True" isAutoRecovery="True" isLoop="False" execMode="emSequence">
                      <command name="Resize" isChecked="True" descrition="">
                        <param name="AniInterpolation" value="1" varType="3" description=""/>
                        <param name="AniDuration" value="200" varType="3" description=""/>
                        <param name="AniAutoReverse" value="False" varType="11" description=""/>
                        <param name="AniLoop" value="False" varType="11" description=""/>
                        <param name="AniInterpolationTypeOut" value="False" varType="11" description=""/>
                        <param name="Delay" value="0" varType="3" description=""/>
                        <param name="ValueFromCurrent" value="True" varType="11" description=""/>
                        <param name="ResizeDirection" value="0" varType="3" description=""/>
                        <param name="ValueMode" value="0" varType="3" description=""/>
                        <param name="FromWidth" value="0" varType="3" description=""/>
                        <param name="FromHeight" value="0" varType="3" description=""/>
                        <param name="ToWidth" value="809" varType="4" description=""/>
                        <param name="ToHeight" value="709" varType="4" description=""/>
                        <param name="ToX" value="0" varType="3" description=""/>
                        <param name="ToY" value="0" varType="3" description=""/>
                        <param name="TerminateLoopByClick" value="True" varType="11" description=""/>
                      </command>
                      <command name="Change Visibility" isChecked="True" descrition="">
                        <param name="AniInterpolation" value="1" varType="3" description=""/>
                        <param name="AniDuration" value="200" varType="3" description=""/>
                        <param name="AniAutoReverse" value="False" varType="11" description=""/>
                        <param name="AniLoop" value="False" varType="11" description=""/>
                        <param name="AniInterpolationTypeOut" value="False" varType="11" description=""/>
                        <param name="Delay" value="0" varType="3" description=""/>
                        <param name="ValueFromCurrent" value="True" varType="11" description=""/>
                        <param name="ForceFromInitValue" value="False" varType="11" description=""/>
                        <param name="ForceSetVisible" value="False" varType="11" description=""/>
                        <param name="Value" value="2" varType="3" description=""/>
                        <param name="TerminateLoopByClick" value="True" varType="11" description=""/>
                      </command>
                    </target>
                  </behaviour>
                </event>
              </events>
            </entry>
          </interactiveData>
          <font family="Segoe+UI" displayName="Segoe+UI" postScript="" weightStyle="Normal" weight="400" isBold="False" isItalic="False"/>
          <text>Mentions+l%C3%A9gales+et+confidentialit%C3%A9</text>
          <textColor>4294967295</textColor>
          <lineSpacing>0</lineSpacing>
          <selectedIndex>-1</selectedIndex>
        </control>
        <control controlID="8E720ACF-DC6A-46F2-A082-85A42C30F3D8" controlTypeID="Label" x="533" y="44" w="89" h="19" zOrder="2">
          <font family="Segoe+UI" displayName="Segoe+UI" postScript="" weightStyle="Normal" weight="400" isBold="False" isItalic="False"/>
          <text>Aide+-+Contact</text>
          <textColor>4294967295</textColor>
          <lineSpacing>0</lineSpacing>
          <selectedIndex>-1</selectedIndex>
        </control>
        <control controlID="7A30EB0C-FF1E-49A2-BF38-04177383212E" controlTypeID="Border" x="0" y="0" w="1100" h="105" zOrder="3">
          <alias>borderLayer</alias>
        </control>
      </groupChildrenDescriptors>
      <thinkness>1</thinkness>
    </control>
    <control controlID="C0047050-F0E2-4F42-8076-9C2F50AA1D81" controlTypeID="DateTimePicker" x="863" y="10" w="217" h="24" zOrder="4">
      <color>16777215</color>
      <borderColor>6710886</borderColor>
      <font family="Segoe+UI" displayName="Segoe+UI" postScript="" weightStyle="Normal" weight="400" isBold="False" isItalic="False"/>
      <text>03+%2F+12+%2F+2020</text>
      <textColor>4294967295</textColor>
      <textSize>14</textSize>
      <lineSpacing>0</lineSpacing>
      <selectedIndex>-1</selectedIndex>
    </control>
    <control controlID="BE1E2BB3-8505-4898-A618-67DBC680E5E1" controlTypeID="AvatarEx2" x="990" y="163" w="64" h="64" zOrder="5">
      <borderVisible>False</borderVisible>
      <avatarType>Doctor</avatarType>
      <avatarColorStyle>asGray</avatarColorStyle>
      <avatarShapeStyle>asCircle</avatarShapeStyle>
      <icon>
        <ID/>
        <iconFontName>jdiconfontB</iconFontName>
        <iconCode>59651</iconCode>
      </icon>
      <URL>B64512564078BE31571E4B8E32EDD2AD.svg</URL>
    </control>
    <control controlID="84D7595E-D1E2-45E3-973A-202A8C5DE902" controlTypeID="IconButton2" x="325" y="165" w="105" h="122" zOrder="6">
      <groupChildrenDescriptors>
        <control controlID="18D3E07E-2643-4322-BCA9-9746C75EB795" controlTypeID="Shape" x="2" y="0" w="101" h="101" zOrder="0">
          <color>4294348544</color>
          <borderVisible>False</borderVisible>
          <canMove>False</canMove>
          <alias>shape</alias>
          <font family="" displayName="" postScript="" weightStyle="Normal" weight="0" isBold="False" isItalic="False"/>
          <selectedIndex>-1</selectedIndex>
        </control>
        <control controlID="49DCF3BE-4781-4932-9BD9-6A489F58DD84" controlTypeID="Icon" x="20" y="18" w="64" h="64" zOrder="1">
          <color>4292928743</color>
          <canMove>False</canMove>
          <alias>icon</alias>
          <icon>
            <ID/>
            <iconFontName>jdIcoFont</iconFontName>
            <iconCode>58990</iconCode>
          </icon>
          <URL>4329DD09C97CE309DB9C63E821618952.svg</URL>
        </control>
        <control controlID="E1C2C3AB-5126-4698-B942-9716F83AC426" controlTypeID="Label" x="31" y="105" w="43" h="17" zOrder="2">
          <canMove>False</canMove>
          <alias>label</alias>
          <font family="" displayName="" postScript="" weightStyle="Normal" weight="0" isBold="False" isItalic="False"/>
          <text>Soci%C3%A9t%C3%A9</text>
          <textColor>4281545523</textColor>
          <textSize>12</textSize>
          <textVAlign>VaTop</textVAlign>
          <lineSpacing>0</lineSpacing>
          <selectedIndex>-1</selectedIndex>
        </control>
        <control controlID="F83D1B27-80FD-4D47-8B5E-7347317B185A" controlTypeID="Shape" x="69" y="0" w="36" h="34" zOrder="3">
          <color>4294901760</color>
          <borderVisible>False</borderVisible>
          <canMove>False</canMove>
          <alias>alarm</alias>
          <font family="" displayName="" postScript="" weightStyle="Normal" weight="0" isBold="False" isItalic="False"/>
          <text>2</text>
          <textColor>4294967295</textColor>
          <textSize>23</textSize>
          <selectedIndex>-1</selectedIndex>
          <radius>100</radius>
          <radiusIsPercent>True</radiusIsPercent>
        </control>
      </groupChildrenDescriptors>
      <style>ibsRectangle</style>
      <iconSize>64</iconSize>
      <showText>True</showText>
    </control>
    <control controlID="41DB4A41-B279-4359-860E-EFD286F38E8C" controlTypeID="IconButton2" x="210" y="165" w="105" h="122" zOrder="7">
      <links eventType="AtClick" animate="AmNone" animateAutoDelay="0" animateDuration="500">
        <link targetPageID="11F90269-A1B9-4200-AC6D-6CC36083E68A" linkType="ltPageLink" isApplyIncludePage="False" title="user">
          <area shape="0" alt="" ID="{2CAC7C6C-A505-4BA7-B3E6-8DBE9EF84B2C}" coords="(0,0,105,122)"/>
        </link>
      </links>
      <groupChildrenDescriptors>
        <control controlID="4F5A3F6E-DE81-410D-887D-9AE5DCF22A28" controlTypeID="Shape" x="2" y="0" w="101" h="101" zOrder="0">
          <color>4294348544</color>
          <borderVisible>False</borderVisible>
          <canMove>False</canMove>
          <alias>shape</alias>
          <font family="" displayName="" postScript="" weightStyle="Normal" weight="0" isBold="False" isItalic="False"/>
          <selectedIndex>-1</selectedIndex>
        </control>
        <control controlID="C931A903-1C41-472B-A642-EA04523F8808" controlTypeID="Icon" x="20" y="18" w="64" h="64" zOrder="1">
          <color>4292928743</color>
          <canMove>False</canMove>
          <alias>icon</alias>
          <icon>
            <ID/>
            <iconFontName>jdIonicons</iconFontName>
            <iconCode>61970</iconCode>
          </icon>
          <URL>DADB738E27CDDD8483597BBC7FC2B2B6.svg</URL>
        </control>
        <control controlID="65B4C9A0-C435-413F-8594-BF2C7E9181DC" controlTypeID="Label" x="22" y="105" w="62" h="17" zOrder="2">
          <canMove>False</canMove>
          <alias>label</alias>
          <font family="" displayName="" postScript="" weightStyle="Normal" weight="0" isBold="False" isItalic="False"/>
          <text>Utiliateurs</text>
          <textColor>4281545523</textColor>
          <textSize>12</textSize>
          <textVAlign>VaTop</textVAlign>
          <lineSpacing>0</lineSpacing>
          <selectedIndex>-1</selectedIndex>
        </control>
        <control controlID="19596A2A-83A0-4584-826B-A7E75450BAC2" controlTypeID="Shape" x="69" y="0" w="36" h="34" zOrder="3">
          <color>4294901760</color>
          <borderVisible>False</borderVisible>
          <canMove>False</canMove>
          <alias>alarm</alias>
          <font family="" displayName="" postScript="" weightStyle="Normal" weight="0" isBold="False" isItalic="False"/>
          <text>5</text>
          <textColor>4294967295</textColor>
          <textSize>23</textSize>
          <selectedIndex>-1</selectedIndex>
          <radius>100</radius>
          <radiusIsPercent>True</radiusIsPercent>
        </control>
      </groupChildrenDescriptors>
      <style>ibsRectangle</style>
      <iconSize>64</iconSize>
      <showText>True</showText>
      <showAlarm>True</showAlarm>
    </control>
    <control controlID="8281AFB3-D71E-4B07-A305-FFA181D3E4D2" controlTypeID="IconButton2" x="555" y="163" w="105" h="122" zOrder="8">
      <groupChildrenDescriptors>
        <control controlID="93A140FE-E540-4544-8D9F-963BC9F4F673" controlTypeID="Shape" x="2" y="0" w="101" h="101" zOrder="0">
          <color>4294348544</color>
          <borderVisible>False</borderVisible>
          <canMove>False</canMove>
          <alias>shape</alias>
          <font family="" displayName="" postScript="" weightStyle="Normal" weight="0" isBold="False" isItalic="False"/>
          <selectedIndex>-1</selectedIndex>
        </control>
        <control controlID="FF4560DF-D03D-4555-B9C8-E8B7652F05EC" controlTypeID="Icon" x="20" y="18" w="64" h="64" zOrder="1">
          <color>4292928743</color>
          <canMove>False</canMove>
          <alias>icon</alias>
          <icon>
            <ID/>
            <iconFontName>jdFontAwesome</iconFontName>
            <iconCode>61685</iconCode>
          </icon>
          <URL>5F079BF86E73F2CAEF7FCFFF51D57198.svg</URL>
        </control>
        <control controlID="BB166EBF-57B5-447C-A000-AD7C2BDB4DF7" controlTypeID="Label" x="28" y="105" w="48" h="17" zOrder="2">
          <canMove>False</canMove>
          <alias>label</alias>
          <font family="" displayName="" postScript="" weightStyle="Normal" weight="0" isBold="False" isItalic="False"/>
          <text>Services</text>
          <textColor>4281545523</textColor>
          <textSize>12</textSize>
          <textVAlign>VaTop</textVAlign>
          <lineSpacing>0</lineSpacing>
          <selectedIndex>-1</selectedIndex>
        </control>
        <control controlID="1E4DE014-B92B-4FDD-9977-08BA1544CE7B" controlTypeID="Shape" x="58" y="0" w="47" h="34" zOrder="3">
          <color>4294901760</color>
          <borderVisible>False</borderVisible>
          <canMove>False</canMove>
          <alias>alarm</alias>
          <font family="" displayName="" postScript="" weightStyle="Normal" weight="0" isBold="False" isItalic="False"/>
          <text>10</text>
          <textColor>4294967295</textColor>
          <textSize>23</textSize>
          <selectedIndex>-1</selectedIndex>
          <radius>100</radius>
          <radiusIsPercent>True</radiusIsPercent>
        </control>
      </groupChildrenDescriptors>
      <style>ibsRectangle</style>
      <iconSize>64</iconSize>
      <showText>True</showText>
      <showAlarm>True</showAlarm>
    </control>
    <control controlID="8B900D90-0DFD-4D68-BE35-ECF75A168774" controlTypeID="IconButton2" x="670" y="163" w="105" h="122" zOrder="9">
      <groupChildrenDescriptors>
        <control controlID="97137706-75E9-42B1-9969-FDDE1366EC93" controlTypeID="Shape" x="2" y="0" w="101" h="101" zOrder="0">
          <color>4294348544</color>
          <borderVisible>False</borderVisible>
          <canMove>False</canMove>
          <alias>shape</alias>
          <font family="" displayName="" postScript="" weightStyle="Normal" weight="0" isBold="False" isItalic="False"/>
          <selectedIndex>-1</selectedIndex>
        </control>
        <control controlID="244E5358-7B29-46F3-AF6D-4F37A1ECD61B" controlTypeID="Icon" x="20" y="18" w="64" h="64" zOrder="1">
          <color>4292928743</color>
          <canMove>False</canMove>
          <alias>icon</alias>
          <icon>
            <ID/>
            <iconFontName>jdIonicons</iconFontName>
            <iconCode>62120</iconCode>
          </icon>
          <URL>341EAC63629DD867B4CDB7A2B1CEE1A1.svg</URL>
        </control>
        <control controlID="61223377-53CB-486B-9666-F2EA7538CF71" controlTypeID="Label" x="28" y="105" w="50" h="17" zOrder="2">
          <canMove>False</canMove>
          <alias>label</alias>
          <font family="" displayName="" postScript="" weightStyle="Normal" weight="0" isBold="False" isItalic="False"/>
          <text>Produits</text>
          <textColor>4281545523</textColor>
          <textSize>12</textSize>
          <textVAlign>VaTop</textVAlign>
          <lineSpacing>0</lineSpacing>
          <selectedIndex>-1</selectedIndex>
        </control>
        <control controlID="6793B4CF-BFAC-41C5-A214-9E446E97AA67" controlTypeID="Shape" x="58" y="0" w="47" h="34" zOrder="3">
          <color>4294901760</color>
          <borderVisible>False</borderVisible>
          <canMove>False</canMove>
          <alias>alarm</alias>
          <font family="" displayName="" postScript="" weightStyle="Normal" weight="0" isBold="False" isItalic="False"/>
          <text>15</text>
          <textColor>4294967295</textColor>
          <textSize>23</textSize>
          <selectedIndex>-1</selectedIndex>
          <radius>100</radius>
          <radiusIsPercent>True</radiusIsPercent>
        </control>
      </groupChildrenDescriptors>
      <style>ibsRectangle</style>
      <iconSize>64</iconSize>
      <showText>True</showText>
      <showAlarm>True</showAlarm>
    </control>
    <control controlID="5773F17C-16A9-46F6-8940-DFE9B61DACB4" controlTypeID="IconButton2" x="785" y="163" w="105" h="122" zOrder="10">
      <links eventType="AtClick" animate="AmNone" animateAutoDelay="0" animateDuration="500">
        <link targetPageID="C22C2D62-F370-4E93-B85E-4B2A541F3C17" linkType="ltPageLink" isApplyIncludePage="False" title="Invoice">
          <area shape="0" alt="" ID="{625E1B03-7E73-41D4-97BD-A74C4C7D7873}" coords="(0,0,105,122)"/>
        </link>
      </links>
      <groupChildrenDescriptors>
        <control controlID="18483813-740B-4DC2-8538-0A0C4455CFD0" controlTypeID="Shape" x="2" y="0" w="101" h="101" zOrder="0">
          <color>4294348544</color>
          <borderVisible>False</borderVisible>
          <canMove>False</canMove>
          <alias>shape</alias>
          <font family="" displayName="" postScript="" weightStyle="Normal" weight="0" isBold="False" isItalic="False"/>
          <selectedIndex>-1</selectedIndex>
        </control>
        <control controlID="02470FFE-7DE1-418A-B106-46586247514E" controlTypeID="Icon" x="20" y="18" w="64" h="64" zOrder="1">
          <color>4292928743</color>
          <canMove>False</canMove>
          <alias>icon</alias>
          <icon>
            <ID/>
            <iconFontName>jdIonicons</iconFontName>
            <iconCode>62487</iconCode>
          </icon>
          <URL>A8AE908FA7B8403CE55A63C41223050C.svg</URL>
        </control>
        <control controlID="10958A3F-5670-4A75-8253-3A97560F4C7A" controlTypeID="Label" x="28" y="105" w="49" h="17" zOrder="2">
          <canMove>False</canMove>
          <alias>label</alias>
          <font family="" displayName="" postScript="" weightStyle="Normal" weight="0" isBold="False" isItalic="False"/>
          <text>Factures</text>
          <textColor>4281545523</textColor>
          <textSize>12</textSize>
          <textVAlign>VaTop</textVAlign>
          <lineSpacing>0</lineSpacing>
          <selectedIndex>-1</selectedIndex>
        </control>
        <control controlID="EA8673C5-3075-4135-859B-8AB73B000AE1" controlTypeID="Shape" x="56" y="0" w="49" h="34" zOrder="3">
          <color>4294901760</color>
          <borderVisible>False</borderVisible>
          <canMove>False</canMove>
          <alias>alarm</alias>
          <font family="" displayName="" postScript="" weightStyle="Normal" weight="0" isBold="False" isItalic="False"/>
          <text>98</text>
          <textColor>4294967295</textColor>
          <textSize>23</textSize>
          <selectedIndex>-1</selectedIndex>
          <radius>100</radius>
          <radiusIsPercent>True</radiusIsPercent>
        </control>
      </groupChildrenDescriptors>
      <style>ibsRectangle</style>
      <iconSize>64</iconSize>
      <showText>True</showText>
      <showAlarm>True</showAlarm>
    </control>
    <control controlID="CA76B5E5-C23E-4E40-BCFC-EA69B920D946" controlTypeID="IconButton2" x="440" y="163" w="105" h="122" zOrder="11">
      <sizeLocked>True</sizeLocked>
      <links eventType="AtClick" animate="AmNone" animateAutoDelay="0" animateDuration="500">
        <link targetPageID="78B991E8-2ACA-45BE-92E0-53A56A3900A5" linkType="ltPageLink" isApplyIncludePage="False" title="Customer_list">
          <area shape="0" alt="" ID="{7ED9FC2F-1C13-4DFD-9082-501105CE26A5}" coords="(0,0,105,122)"/>
        </link>
      </links>
      <groupChildrenDescriptors>
        <control controlID="CED686EA-15E4-4505-BDC5-6E93CA10F690" controlTypeID="Shape" x="2" y="0" w="101" h="101" zOrder="0">
          <color>4294348544</color>
          <borderColor>4292928743</borderColor>
          <canMove>False</canMove>
          <alias>shape</alias>
          <font family="" displayName="" postScript="" weightStyle="Normal" weight="0" isBold="False" isItalic="False"/>
          <selectedIndex>-1</selectedIndex>
        </control>
        <control controlID="5C813D90-FE12-4ACC-9983-1941164F1C46" controlTypeID="Icon" x="20" y="18" w="64" h="64" zOrder="1">
          <color>4292928743</color>
          <canMove>False</canMove>
          <alias>icon</alias>
          <icon>
            <ID/>
            <iconFontName>jdFontCustom</iconFontName>
            <iconCode>61951</iconCode>
          </icon>
          <URL>902337E631771EED8E5F67E954B7D322.svg</URL>
        </control>
        <control controlID="B83FA393-BC49-4EAF-BC17-FDD39D342A5C" controlTypeID="Label" x="32" y="105" w="40" h="17" zOrder="2">
          <canMove>False</canMove>
          <alias>label</alias>
          <font family="" displayName="" postScript="" weightStyle="Normal" weight="0" isBold="False" isItalic="False"/>
          <text>Clients</text>
          <textSize>12</textSize>
          <textVAlign>VaTop</textVAlign>
          <lineSpacing>0</lineSpacing>
          <selectedIndex>-1</selectedIndex>
        </control>
        <control controlID="D1103A7E-5CF9-4069-8674-0F3201727B10" controlTypeID="Shape" x="69" y="0" w="36" h="34" zOrder="3">
          <color>4294901760</color>
          <borderVisible>False</borderVisible>
          <canMove>False</canMove>
          <alias>alarm</alias>
          <font family="" displayName="" postScript="" weightStyle="Normal" weight="0" isBold="False" isItalic="False"/>
          <text>5</text>
          <textColor>4294967295</textColor>
          <textSize>23</textSize>
          <selectedIndex>-1</selectedIndex>
          <radius>100</radius>
          <radiusIsPercent>True</radiusIsPercent>
        </control>
      </groupChildrenDescriptors>
      <style>ibsRectangle</style>
      <iconSize>64</iconSize>
      <showText>True</showText>
      <showAlarm>True</showAlarm>
    </control>
    <control controlID="757C608E-43A4-4332-AB32-C321DE1C1D23" controlTypeID="HRule" x="0" y="287" w="1100" h="12" zOrder="12"/>
    <control controlID="7547E6D1-EF4E-482F-9AE1-62EB37106AA2" controlTypeID="__group__" x="19" y="320" w="296" h="233" zOrder="13">
      <groupChildrenDescriptors>
        <control controlID="C8511B1A-F7F8-4A6D-A552-56A3017848FB" controlTypeID="PieChartEx" x="53" y="43" w="190" h="190" zOrder="0">
          <font family="Segoe+UI" displayName="Segoe+UI" postScript="" weightStyle="Normal" weight="400" isBold="False" isItalic="False"/>
          <text>25%2Corange%0D%0A5%2Ccyan%0D%0A30%2Cpink%0D%0A40%2C%23FFCE55</text>
          <textSize>14</textSize>
          <lineSpacing>0</lineSpacing>
        </control>
        <control controlID="2A934FE5-BA73-4355-971D-1BE859B202A4" controlTypeID="Label" x="0" y="0" w="296" h="19" zOrder="1">
          <font family="Segoe+UI" displayName="Segoe+UI" postScript="" weightStyle="Normal" weight="400" isBold="False" isItalic="False"/>
          <text>R%C3%A9partition+des+produits%2Fservices+-+Ann%C3%A9e+%3A+2020</text>
          <lineSpacing>0</lineSpacing>
          <selectedIndex>-1</selectedIndex>
        </control>
        <control controlID="14C9892C-4F9C-4B62-8097-3D5EDBF8126F" controlTypeID="Label" x="65" y="115" w="15" h="19" zOrder="2">
          <font family="Segoe+UI" displayName="Segoe+UI" postScript="" weightStyle="Normal" weight="400" isBold="False" isItalic="False"/>
          <text>S1</text>
          <lineSpacing>0</lineSpacing>
          <selectedIndex>-1</selectedIndex>
        </control>
        <control controlID="C7ECF07D-4F06-4B91-B9B3-33C03447DEA7" controlTypeID="Label" x="192" y="79" w="15" h="19" zOrder="3">
          <font family="Segoe+UI" displayName="Segoe+UI" postScript="" weightStyle="Normal" weight="400" isBold="False" isItalic="False"/>
          <text>P1</text>
          <lineSpacing>0</lineSpacing>
          <selectedIndex>-1</selectedIndex>
        </control>
        <control controlID="DE7BBFC4-7D5B-476D-AF78-77A98D3D4DA7" controlTypeID="Label" x="160" y="194" w="15" h="19" zOrder="4">
          <font family="Segoe+UI" displayName="Segoe+UI" postScript="" weightStyle="Normal" weight="400" isBold="False" isItalic="False"/>
          <text>S2</text>
          <lineSpacing>0</lineSpacing>
          <selectedIndex>-1</selectedIndex>
        </control>
        <control controlID="638823A0-98AA-42DD-BEC7-4057C33992E1" controlTypeID="Label" x="216" y="141" w="15" h="19" zOrder="5">
          <font family="Segoe+UI" displayName="Segoe+UI" postScript="" weightStyle="Normal" weight="400" isBold="False" isItalic="False"/>
          <text>S3</text>
          <lineSpacing>0</lineSpacing>
          <selectedIndex>-1</selectedIndex>
        </control>
      </groupChildrenDescriptors>
    </control>
    <control controlID="69E64FB3-0EE9-4639-84EA-62E371AA24C0" controlTypeID="__group__" x="801" y="320" w="223" h="298" zOrder="14">
      <groupChildrenDescriptors>
        <control controlID="FBC04503-90C6-42F7-A0BD-4568E61E1608" controlTypeID="ColumnChartEx" x="0" y="0" w="221" h="279" zOrder="0">
          <font family="Segoe+UI" displayName="Segoe+UI" postScript="" weightStyle="Normal" weight="400" isBold="False" isItalic="False"/>
          <text>90%2C+%23F68F00+%0D%0A10%2C%235C5F61</text>
          <textSize>14</textSize>
          <lineSpacing>0</lineSpacing>
        </control>
        <control controlID="6DED2843-B2E5-495E-8C70-539A3241D02B" controlTypeID="Label" x="52" y="58" w="15" h="19" zOrder="1">
          <font family="Segoe+UI" displayName="Segoe+UI" postScript="" weightStyle="Normal" weight="400" isBold="False" isItalic="False"/>
          <text>94</text>
          <textColor>4294967295</textColor>
          <lineSpacing>0</lineSpacing>
          <selectedIndex>-1</selectedIndex>
        </control>
        <control controlID="0840312C-8309-484E-8D82-195E1F019EB9" controlTypeID="Label" x="156" y="258" w="8" h="19" zOrder="2">
          <font family="Segoe+UI" displayName="Segoe+UI" postScript="" weightStyle="Normal" weight="400" isBold="False" isItalic="False"/>
          <text>4</text>
          <textColor>4294967295</textColor>
          <lineSpacing>0</lineSpacing>
          <selectedIndex>-1</selectedIndex>
        </control>
        <control controlID="01E629EB-87F0-425C-A216-4413FB21CAF2" controlTypeID="Label" x="22" y="0" w="138" h="19" zOrder="3">
          <font family="Segoe+UI" displayName="Segoe+UI" postScript="" weightStyle="Normal" weight="400" isBold="False" isItalic="False"/>
          <text>Factures+-+Ann%C3%A9e+2020</text>
          <lineSpacing>0</lineSpacing>
          <selectedIndex>-1</selectedIndex>
        </control>
        <control controlID="B9D7732F-E753-443A-BC43-3CA3FF9EC1B7" controlTypeID="Label" x="34" y="279" w="42" h="19" zOrder="4">
          <font family="Segoe+UI" displayName="Segoe+UI" postScript="" weightStyle="Normal" weight="400" isBold="False" isItalic="False"/>
          <text>Pay%C3%A9es</text>
          <lineSpacing>0</lineSpacing>
          <selectedIndex>-1</selectedIndex>
        </control>
        <control controlID="84C9DB47-4090-4701-8F9F-6626748F99EE" controlTypeID="Label" x="131" y="278" w="58" h="19" zOrder="5">
          <font family="Segoe+UI" displayName="Segoe+UI" postScript="" weightStyle="Normal" weight="400" isBold="False" isItalic="False"/>
          <text>Impay%C3%A9es</text>
          <lineSpacing>0</lineSpacing>
          <selectedIndex>-1</selectedIndex>
        </control>
        <control controlID="72AF4B53-BCD2-460C-9F4A-92411F97A9C7" controlTypeID="__group__" x="170" y="0" w="53" h="53" zOrder="6">
          <caption>Icon</caption>
          <groupChildrenDescriptors>
            <control controlID="493695B0-A2BF-4669-8004-2454C24D4739" controlTypeID="Icon" x="0" y="0" w="53" h="53" zOrder="0">
              <color>4294954086</color>
              <icon>
                <ID/>
                <iconFontName>jdFontAwesome</iconFontName>
                <iconCode>61829</iconCode>
              </icon>
              <URL>14F0E2A1D151B4166C71EBEE25BF57F2.svg</URL>
            </control>
            <control controlID="611DA9EC-4CA4-424D-82D3-09CF76CCB40A" controlTypeID="Icon" x="13" y="13" w="27" h="27" zOrder="1">
              <color>4294954086</color>
              <icon>
                <ID/>
                <iconFontName>jdIonicons</iconFontName>
                <iconCode>61979</iconCode>
              </icon>
              <URL>FBDD56452F7C5E2A186B42484A1CF33E.svg</URL>
            </control>
          </groupChildrenDescriptors>
        </control>
      </groupChildrenDescriptors>
    </control>
    <control controlID="A79604E5-612F-4C16-B481-5933709857C5" controlTypeID="__group__" x="342" y="320" w="443" h="305" zOrder="15">
      <groupChildrenDescriptors>
        <control controlID="7051ADE6-2CAB-4BC1-9E6D-04D2C0635F14" controlTypeID="ColumnChartEx" x="0" y="0" w="443" h="278" zOrder="0">
          <font family="Segoe+UI" displayName="Segoe+UI" postScript="" weightStyle="Normal" weight="400" isBold="False" isItalic="False"/>
          <text>100%2C%23FFCE55%0D%0A80%2C%23FFCE55%0D%0A50%2C%23FFCE55%0D%0A100%2C%23FFCE55%0D%0A75%2C%23FFCE55%0D%0A90%2C%23FFCE55%0D%0A120%2C%23FFCE55%0D%0A20%2C%23FFCE55%0D%0A80%2C%23FFCE55%0D%0A90%2C%23FFCE55%0D%0A85%2C%23FFCE55%0D%0A50%2C%23FFCE55</text>
          <textSize>14</textSize>
          <lineSpacing>0</lineSpacing>
        </control>
        <control controlID="0E5E0FC7-53DB-40C5-BB64-173ACEAD4521" controlTypeID="Label" x="9" y="0" w="340" h="19" zOrder="1">
          <font family="Segoe+UI" displayName="Segoe+UI" postScript="" weightStyle="Normal" weight="400" isBold="False" isItalic="False"/>
          <text>Montant+de+factures+par+mois+-+Ann%C3%A9e+2020+(HT+x1000)</text>
          <lineSpacing>0</lineSpacing>
          <selectedIndex>-1</selectedIndex>
        </control>
        <control controlID="617BAD8C-AC22-40FF-BE2A-2F2DCEF2760F" controlTypeID="Label" x="13" y="28" w="15" h="19" zOrder="2">
          <font family="Segoe+UI" displayName="Segoe+UI" postScript="" weightStyle="Normal" weight="400" isBold="False" isItalic="False"/>
          <text>10</text>
          <textColor>4294967295</textColor>
          <lineSpacing>0</lineSpacing>
          <selectedIndex>-1</selectedIndex>
        </control>
        <control controlID="A7D5864C-20F7-4DC7-B28A-6C9EC2045251" controlTypeID="Label" x="49" y="80" w="8" h="19" zOrder="3">
          <font family="Segoe+UI" displayName="Segoe+UI" postScript="" weightStyle="Normal" weight="400" isBold="False" isItalic="False"/>
          <text>8</text>
          <textColor>4294967295</textColor>
          <lineSpacing>0</lineSpacing>
          <selectedIndex>-1</selectedIndex>
        </control>
        <control controlID="16F5507B-9EF0-4249-868B-CE556C9ACA37" controlTypeID="Label" x="82" y="154" w="8" h="19" zOrder="4">
          <font family="Segoe+UI" displayName="Segoe+UI" postScript="" weightStyle="Normal" weight="400" isBold="False" isItalic="False"/>
          <text>5</text>
          <textColor>4294967295</textColor>
          <lineSpacing>0</lineSpacing>
          <selectedIndex>-1</selectedIndex>
        </control>
        <control controlID="26269C07-F92B-4175-9F7F-6A440AA9C88F" controlTypeID="Label" x="112" y="31" w="15" h="19" zOrder="5">
          <font family="Segoe+UI" displayName="Segoe+UI" postScript="" weightStyle="Normal" weight="400" isBold="False" isItalic="False"/>
          <text>10</text>
          <textColor>4294967295</textColor>
          <lineSpacing>0</lineSpacing>
          <selectedIndex>-1</selectedIndex>
        </control>
        <control controlID="EA9EF103-5AA0-4EF0-AF25-08979BEC4EC3" controlTypeID="Label" x="145" y="90" w="18" h="19" zOrder="6">
          <font family="Segoe+UI" displayName="Segoe+UI" postScript="" weightStyle="Normal" weight="400" isBold="False" isItalic="False"/>
          <text>7.5</text>
          <textColor>4294967295</textColor>
          <lineSpacing>0</lineSpacing>
          <selectedIndex>-1</selectedIndex>
        </control>
        <control controlID="92F358F5-BA78-4404-9B43-1B445CE4E48A" controlTypeID="Label" x="178" y="55" w="8" h="19" zOrder="7">
          <font family="Segoe+UI" displayName="Segoe+UI" postScript="" weightStyle="Normal" weight="400" isBold="False" isItalic="False"/>
          <text>9</text>
          <textColor>4294967295</textColor>
          <lineSpacing>0</lineSpacing>
          <selectedIndex>-1</selectedIndex>
        </control>
        <control controlID="06883F45-1382-4350-80FA-DA3759EF4F2D" controlTypeID="Label" x="209" y="29" w="15" h="19" zOrder="8">
          <font family="Segoe+UI" displayName="Segoe+UI" postScript="" weightStyle="Normal" weight="400" isBold="False" isItalic="False"/>
          <text>12</text>
          <textColor>4294967295</textColor>
          <lineSpacing>0</lineSpacing>
          <selectedIndex>-1</selectedIndex>
        </control>
        <control controlID="6BD354C4-A0FA-479A-9F46-4FCB8B999761" controlTypeID="Label" x="243" y="230" w="8" h="19" zOrder="9">
          <font family="Segoe+UI" displayName="Segoe+UI" postScript="" weightStyle="Normal" weight="400" isBold="False" isItalic="False"/>
          <text>2</text>
          <textColor>4294967295</textColor>
          <lineSpacing>0</lineSpacing>
          <selectedIndex>-1</selectedIndex>
        </control>
        <control controlID="6EB6B17A-456E-41A1-A069-0B361D774D96" controlTypeID="Label" x="275" y="79" w="8" h="19" zOrder="10">
          <font family="Segoe+UI" displayName="Segoe+UI" postScript="" weightStyle="Normal" weight="400" isBold="False" isItalic="False"/>
          <text>8</text>
          <textColor>4294967295</textColor>
          <lineSpacing>0</lineSpacing>
          <selectedIndex>-1</selectedIndex>
        </control>
        <control controlID="93421688-18E3-457C-B8C0-33EC50768D2C" controlTypeID="Label" x="309" y="57" w="8" h="19" zOrder="11">
          <font family="Segoe+UI" displayName="Segoe+UI" postScript="" weightStyle="Normal" weight="400" isBold="False" isItalic="False"/>
          <text>9</text>
          <textColor>4294967295</textColor>
          <lineSpacing>0</lineSpacing>
          <selectedIndex>-1</selectedIndex>
        </control>
        <control controlID="6D8DD023-ED8C-41E7-AA72-368F38F16A62" controlTypeID="Label" x="342" y="69" w="18" h="19" zOrder="12">
          <font family="Segoe+UI" displayName="Segoe+UI" postScript="" weightStyle="Normal" weight="400" isBold="False" isItalic="False"/>
          <text>8.5</text>
          <textColor>4294967295</textColor>
          <lineSpacing>0</lineSpacing>
          <selectedIndex>-1</selectedIndex>
        </control>
        <control controlID="68686B5D-5B2B-4B65-AB16-D337E9B01B21" controlTypeID="Label" x="377" y="154" w="8" h="19" zOrder="13">
          <font family="Segoe+UI" displayName="Segoe+UI" postScript="" weightStyle="Normal" weight="400" isBold="False" isItalic="False"/>
          <text>5</text>
          <textColor>4294967295</textColor>
          <lineSpacing>0</lineSpacing>
          <selectedIndex>-1</selectedIndex>
        </control>
        <control controlID="C531838E-D736-4BB8-AEBB-59B189C45379" controlTypeID="Label" x="9" y="286" w="20" h="19" zOrder="14">
          <font family="Segoe+UI" displayName="Segoe+UI" postScript="" weightStyle="Normal" weight="400" isBold="False" isItalic="False"/>
          <text>Jan</text>
          <lineSpacing>0</lineSpacing>
          <selectedIndex>-1</selectedIndex>
        </control>
        <control controlID="53691BCF-0B33-44A6-B683-8154CF7892AB" controlTypeID="Label" x="40" y="286" w="21" h="19" zOrder="15">
          <font family="Segoe+UI" displayName="Segoe+UI" postScript="" weightStyle="Normal" weight="400" isBold="False" isItalic="False"/>
          <text>F%C3%A9v</text>
          <lineSpacing>0</lineSpacing>
          <selectedIndex>-1</selectedIndex>
        </control>
        <control controlID="A1E4A25A-356E-44AF-B130-3D8439BCDBF0" controlTypeID="Label" x="75" y="286" w="25" h="19" zOrder="16">
          <font family="Segoe+UI" displayName="Segoe+UI" postScript="" weightStyle="Normal" weight="400" isBold="False" isItalic="False"/>
          <text>Mar</text>
          <lineSpacing>0</lineSpacing>
          <selectedIndex>-1</selectedIndex>
        </control>
        <control controlID="F6C21F7A-ABA9-47BD-A8D4-158AF25A8D7F" controlTypeID="Label" x="109" y="286" w="20" h="19" zOrder="17">
          <font family="Segoe+UI" displayName="Segoe+UI" postScript="" weightStyle="Normal" weight="400" isBold="False" isItalic="False"/>
          <text>Avr</text>
          <lineSpacing>0</lineSpacing>
          <selectedIndex>-1</selectedIndex>
        </control>
        <control controlID="FA5B32CD-E8A7-424F-8BC7-B9B4B8E1B75E" controlTypeID="Label" x="140" y="286" w="23" h="19" zOrder="18">
          <font family="Segoe+UI" displayName="Segoe+UI" postScript="" weightStyle="Normal" weight="400" isBold="False" isItalic="False"/>
          <text>Mai</text>
          <lineSpacing>0</lineSpacing>
          <selectedIndex>-1</selectedIndex>
        </control>
        <control controlID="27AE488F-49AC-49CF-A902-BC84DD26A823" controlTypeID="Label" x="176" y="286" w="16" h="19" zOrder="19">
          <font family="Segoe+UI" displayName="Segoe+UI" postScript="" weightStyle="Normal" weight="400" isBold="False" isItalic="False"/>
          <text>Jui</text>
          <lineSpacing>0</lineSpacing>
          <selectedIndex>-1</selectedIndex>
        </control>
        <control controlID="7F5B8FB0-894E-459D-B6BA-D5EEE2710A37" controlTypeID="Label" x="211" y="286" w="16" h="19" zOrder="20">
          <font family="Segoe+UI" displayName="Segoe+UI" postScript="" weightStyle="Normal" weight="400" isBold="False" isItalic="False"/>
          <text>Jui</text>
          <lineSpacing>0</lineSpacing>
          <selectedIndex>-1</selectedIndex>
        </control>
        <control controlID="F9664CCB-DD01-4253-99D4-6AD491BE843E" controlTypeID="Label" x="239" y="286" w="25" h="19" zOrder="21">
          <font family="Segoe+UI" displayName="Segoe+UI" postScript="" weightStyle="Normal" weight="400" isBold="False" isItalic="False"/>
          <text>Ao%C3%BB</text>
          <lineSpacing>0</lineSpacing>
          <selectedIndex>-1</selectedIndex>
        </control>
        <control controlID="2C429732-2985-468F-BD3F-38F53E51E786" controlTypeID="Label" x="273" y="286" w="23" h="19" zOrder="22">
          <font family="Segoe+UI" displayName="Segoe+UI" postScript="" weightStyle="Normal" weight="400" isBold="False" isItalic="False"/>
          <text>Sep</text>
          <lineSpacing>0</lineSpacing>
          <selectedIndex>-1</selectedIndex>
        </control>
        <control controlID="96739CE7-DAE3-429A-84CB-0F7139C0C505" controlTypeID="Label" x="307" y="286" w="22" h="19" zOrder="23">
          <font family="Segoe+UI" displayName="Segoe+UI" postScript="" weightStyle="Normal" weight="400" isBold="False" isItalic="False"/>
          <text>Oct</text>
          <lineSpacing>0</lineSpacing>
          <selectedIndex>-1</selectedIndex>
        </control>
        <control controlID="5DAB7B13-C399-4D67-AD3E-EB9A7529A0A3" controlTypeID="Label" x="338" y="286" w="25" h="19" zOrder="24">
          <font family="Segoe+UI" displayName="Segoe+UI" postScript="" weightStyle="Normal" weight="400" isBold="False" isItalic="False"/>
          <text>Nov</text>
          <lineSpacing>0</lineSpacing>
          <selectedIndex>-1</selectedIndex>
        </control>
        <control controlID="5C5CBCDD-20B4-4541-AF10-7415D14C6CAF" controlTypeID="Label" x="375" y="286" w="24" h="19" zOrder="25">
          <font family="Segoe+UI" displayName="Segoe+UI" postScript="" weightStyle="Normal" weight="400" isBold="False" isItalic="False"/>
          <text>D%C3%A9c</text>
          <lineSpacing>0</lineSpacing>
          <selectedIndex>-1</selectedIndex>
        </control>
      </groupChildrenDescriptors>
    </control>
    <control controlID="A34B90B6-42C6-42D5-B630-9BEA7A3B248E" controlTypeID="TextArea" x="0" y="95" w="291" h="58" zOrder="16">
      <states>
        <state propName="VScrollProgress" stateType="state_mouseOver" isChecked="True" value="10" varType="4"/>
        <state propName="VScrollProgress" stateType="state_mouseDown" isChecked="True" value="10" varType="4"/>
      </states>
      <isShow>False</isShow>
      <color>4294967295</color>
      <borderVisible>True</borderVisible>
      <verticalScrollbarShow>True</verticalScrollbarShow>
      <verticalScrollbarProgress>10</verticalScrollbarProgress>
      <font family="Segoe+UI" displayName="Segoe+UI" postScript="" weightStyle="Normal" weight="400" isBold="False" isItalic="False"/>
      <text>Mentions+l%C3%A9gales%0D%0AInformations+l%C3%A9gales%0D%0AUn+Temps+pour+Vous%0D%0A%0D%0ASARL+au+capital+de+7+500+euros%2C%0D%0Acr%C3%A9%C3%A9e+le+13+novembre+2020%2C%0D%0A%0D%0A%0D%0ASi%C3%A8ge+social+%3A%0D%0A1+rue+de+la+Paix%0D%0A75012+Paris%0D%0A%0D%0AL%E2%80%99Internaute+peut+contacter+la+soci%C3%A9t%C3%A9+Un+Temps+pour+Vous+aux+coordonn%C3%A9es+suivantes+%3A+%0D%0A%0D%0AE-mail+%3A+contact@aavapo.com%0D%0ANum%C3%A9ro+de+t%C3%A9l%C3%A9phone+%3A+01+45+44+45+91+-+du+lundi+au+vendredi+de+9h+%C3%A0+18h+sans+interruption%0D%0ADirecteur+de+la+publication+%3A%0D%0A%0D%0ACorentine+du+HALGOUET%0D%0A%0D%0AConception+et+r%C3%A9alisation+du+Site+Internet+%3A%0D%0A%0D%0ACyril+GOURGEOT%0D%0A%0D%0AH%C3%A9bergement+du+Site+Internet+%3A%0D%0A%0D%0AOVH+SAS%0D%0ARCS+Roubaix+%E2%80%93+Tourcoing%3A+424+761+419+00045%0D%0ACapital%3A+10+M%E2%82%AC%0D%0AOVH+BP+80157%0D%0A59053+ROUBAIX%0D%0A%0D%0ADonn%C3%A9es+personnelles%0D%0ALes+informations+que+vous+saisissez+sont+n%C3%A9cessaires+%C3%A0+un+Temps+pour+Vous+pour+traiter+votre+demande.+Le+traitement+automatis%C3%A9+des+donn%C3%A9es+manuelles+a+fait+l%E2%80%99objet+d%E2%80%99une+d%C3%A9claration+%C3%A0+la+CNIL+qui+porte+le+num%C3%A9ro+%3A+1056184.+Conform%C3%A9ment+aux+dispositions+de+la+loi+informatique+et+libert%C3%A9+du+6+janvier+1978%2C+l%E2%80%99internaute+dispose+d%E2%80%99un+droit+d%E2%80%99acc%C3%A8s+et+de+rectification+portant+sur+les+donn%C3%A9es+le+concernant+en+%C3%A9crivant+%C3%A0+un+Temps+pour+Vous%2C+45+rue+Crozatier%2C+75012+Paris.%0D%0A%0D%0ADispositif+de+m%C3%A9diation%0D%0AConform%C3%A9ment+aux+articles+du+code+de+la+consommation+L611-1+et+suivants+et+R612-1+et+suivants%2C+il+est+pr%C3%A9vu+que+pour+tout+litige+de+nature+contractuelle+portant+sur+l'ex%C3%A9cution+du+contrat+de+vente+et%2Fou+la+prestation+de+services+n'ayant+pu+%C3%AAtre+r%C3%A9solu+dans+le+cadre+d'une+r%C3%A9clamation+pr%C3%A9alablement+introduite+aupr%C3%A8s+de+notre+service+client%2C+le+Consommateur+pourra+recourir+gratuitement+%C3%A0+la+m%C3%A9diation.+Il+contactera+l'Association+Nationale+des+M%C3%A9diateurs+(ANM)+soit+par+courrier+en+%C3%A9crivant+au+62+rue+Tiquetonne+75002+PARIS+soit+par+e-mail+en+remplissant+le+formulaire+de+saisine+en+ligne+%C3%A0+l'adresse+suivante+www.anm-conso.com.%0D%0A%0D%0AVente+en+ligne%0D%0AConform%C3%A9ment+%C3%A0+l'article+14.1+du+r%C3%A8glement+(UE)+n%C2%B0524%2F2013+du+parlement+europ%C3%A9en+et+du+conseil+du+21+mai+2013%2C+Un+Temps+pour+Vous+signale+%C3%A0+ses+clients+le+lien+vers+la+plate-forme+de+r%C3%A8glement+en+ligne+des+litiges+(RLL)+%3A+lien%0D%0A%0D%0ACopyright+%C2%A9%0D%0ALes+informations%2C+donn%C3%A9es%2C+images+et+marques+publi%C3%A9es+sur+www.untempspourvous.fr+sont+la+propri%C3%A9t%C3%A9+exclusive+de+leurs+titulaires+respectifs.%0D%0A%0D%0AIl+est+strictement+interdit+de+publier%2C+diffuser%2C+reproduire+les+informations+ou+donn%C3%A9es+de+Un+Temps+pour+Vous+quelqu'en+soit+le+support+dans+le+but+de+les+transmettre+%C3%A0+un+tiers+et+ce%2C+sans+en+indiquer+explicitement+la+source+par+l'apposition+du+copyright.%0D%0A%0D%0ADe+plus+l'utilisation+dans+le+cadre+d'une+activit%C3%A9+%C3%A9conomique+et+commerciale+des+informations+et+donn%C3%A9es+de+ce+site+est+strictement+interdite+sans+accord+pr%C3%A9alable+de+Un+Temps+pour+Vous.</text>
      <textAlign>HaCenter</textAlign>
      <textWordWrap>False</textWordWrap>
      <selectedIndex>-1</selectedIndex>
    </control>
  </controls>
  <param>
    <backgroundColor>4294967295</backgroundColor>
    <fontSize>14</fontSize>
    <fontFamily>Segoe+UI</fontFamily>
    <guideLines/>
  </param>
</mockup>