﻿<mockup version="5.3" minAllowVersion="5.3" ID="C22C2D62-F370-4E93-B85E-4B2A541F3C17" platform="MtWeb" defaultW="1100" defaultH="900" measureW="1100" measureH="900" mobileScreenScale="0">
  <controls controlCount="26">
    <control controlID="9E2931AF-9F2B-4BEE-9BC2-6148D66CCD4F" controlTypeID="Panel" x="0" y="0" w="1100" h="97" zOrder="0">
      <color>4294348544</color>
      <groupChildrenDescriptors>
        <control controlID="7513C601-F31D-4A61-AF37-4D74F0547768" controlTypeID="Label" x="418" y="21" w="263" h="54" zOrder="0">
          <font family="Segoe+UI" displayName="Segoe+UI" postScript="" weightStyle="Normal" weight="400" isBold="False" isItalic="False"/>
          <text>Web+-+Factures</text>
          <textColor>4294967295</textColor>
          <textSize>40</textSize>
          <lineSpacing>0</lineSpacing>
          <useDefaultTextSize>False</useDefaultTextSize>
          <selectedIndex>-1</selectedIndex>
        </control>
        <control controlID="27095CFC-B775-4C6C-AC8A-40D003B48B3E" controlTypeID="Image" x="20" y="29" w="166" h="38" zOrder="1">
          <URL>2BA820A6C37AC3E6434815584A77CC2D.png</URL>
        </control>
        <control controlID="E5B7A386-8B0E-499F-BAD1-C8786E99164A" controlTypeID="Border" x="0" y="0" w="1100" h="97" zOrder="2">
          <alias>borderLayer</alias>
        </control>
      </groupChildrenDescriptors>
      <thinkness>1</thinkness>
    </control>
    <control controlID="79896CC4-CCAD-420F-8DF7-D68FF6C54DDF" controlTypeID="Panel" x="0" y="97" w="1100" h="56" zOrder="1">
      <groupChildrenDescriptors>
        <control controlID="6F4BF815-DC10-4BEB-BB92-7277E9F4FA3F" controlTypeID="Border" x="0" y="0" w="1100" h="56" zOrder="0">
          <alias>borderLayer</alias>
        </control>
      </groupChildrenDescriptors>
      <thinkness>1</thinkness>
    </control>
    <control controlID="7E8E1A45-608F-401C-A5BA-D1DC49F3120A" controlTypeID="Button" x="964" y="113" w="116" h="28" zOrder="2">
      <links eventType="AtClick" animate="AmNone" animateAutoDelay="0" animateDuration="500">
        <link targetPageID="5021DC09-4464-4EE1-8436-8FA694386A29" linkType="ltPageLink" isApplyIncludePage="False" title="Connexion">
          <area shape="0" alt="" ID="{72FA1A23-087E-4B78-876A-03B30A2784F7}" coords="(0,0,116,28)"/>
        </link>
      </links>
      <font family="Segoe+UI" displayName="Segoe+UI" postScript="" weightStyle="Normal" weight="400" isBold="False" isItalic="False"/>
      <text>DECONNEXION</text>
      <lineSpacing>0</lineSpacing>
      <selectedIndex>-1</selectedIndex>
      <radius>4</radius>
    </control>
    <control controlID="84F214CE-77AE-40CB-A808-782DEB83B7E0" controlTypeID="Panel" x="0" y="795" w="1100" h="105" zOrder="3">
      <color>4288256409</color>
      <groupChildrenDescriptors>
        <control controlID="4D48593B-3DBA-4A68-824F-E12023F5660B" controlTypeID="Label" x="356" y="15" w="442" h="19" zOrder="0">
          <font family="Segoe+UI" displayName="Segoe+UI" postScript="" weightStyle="Normal" weight="400" isBold="False" isItalic="False"/>
          <text>CDC+%C3%A9valuation+-+INFCDL3+-+D%C3%A9velopper+pour+le+WEB+-+V2+-+%C2%A9+2020+KSS</text>
          <textColor>4294967295</textColor>
          <lineSpacing>0</lineSpacing>
          <selectedIndex>-1</selectedIndex>
        </control>
        <control controlID="BF7B787C-783F-4B3F-80D9-F3712A0CC500" controlTypeID="Label" x="472" y="73" w="212" h="19" zOrder="1">
          <caption>Notice</caption>
          <interactiveData>
            <entry title="">
              <area shape="0" alt="" ID="{3AB02579-F4A1-4ECA-AAC0-426051D3EEC4}" coords="(0,0,212,19)"/>
              <events title="">
                <event eventType="atClick" isChecked="True">
                  <behaviour title="" isChecked="True" isWait="False" isLoop="False" execMode="emParallel">
                    <target targetID="D2D806B9-EF86-4EFA-ACD2-096E53B237A9" isChecked="True" isAutoRecovery="True" isLoop="False" execMode="emSequence">
                      <command name="Resize" isChecked="True" descrition="">
                        <param name="AniInterpolation" value="1" varType="3" description=""/>
                        <param name="AniDuration" value="200" varType="3" description=""/>
                        <param name="AniAutoReverse" value="False" varType="11" description=""/>
                        <param name="AniLoop" value="False" varType="11" description=""/>
                        <param name="AniInterpolationTypeOut" value="False" varType="11" description=""/>
                        <param name="Delay" value="0" varType="3" description=""/>
                        <param name="ValueFromCurrent" value="True" varType="11" description=""/>
                        <param name="ResizeDirection" value="0" varType="3" description=""/>
                        <param name="ValueMode" value="0" varType="3" description=""/>
                        <param name="FromWidth" value="0" varType="3" description=""/>
                        <param name="FromHeight" value="0" varType="3" description=""/>
                        <param name="ToWidth" value="809" varType="4" description=""/>
                        <param name="ToHeight" value="709" varType="4" description=""/>
                        <param name="ToX" value="0" varType="3" description=""/>
                        <param name="ToY" value="0" varType="3" description=""/>
                        <param name="TerminateLoopByClick" value="True" varType="11" description=""/>
                      </command>
                      <command name="Change Visibility" isChecked="True" descrition="">
                        <param name="AniInterpolation" value="1" varType="3" description=""/>
                        <param name="AniDuration" value="200" varType="3" description=""/>
                        <param name="AniAutoReverse" value="False" varType="11" description=""/>
                        <param name="AniLoop" value="False" varType="11" description=""/>
                        <param name="AniInterpolationTypeOut" value="False" varType="11" description=""/>
                        <param name="Delay" value="0" varType="3" description=""/>
                        <param name="ValueFromCurrent" value="True" varType="11" description=""/>
                        <param name="ForceFromInitValue" value="False" varType="11" description=""/>
                        <param name="ForceSetVisible" value="False" varType="11" description=""/>
                        <param name="Value" value="2" varType="3" description=""/>
                        <param name="TerminateLoopByClick" value="True" varType="11" description=""/>
                      </command>
                    </target>
                    <target targetID="BF7B787C-783F-4B3F-80D9-F3712A0CC500" IsNeedReplaceAsSelfID="True" isChecked="True" isAutoRecovery="True" isLoop="False" execMode="emSequence">
                      <command name="Set Text Color" isChecked="True" descrition="">
                        <param name="AniInterpolation" value="0" varType="3" description=""/>
                        <param name="AniDuration" value="200" varType="3" description=""/>
                        <param name="AniAutoReverse" value="False" varType="11" description=""/>
                        <param name="AniLoop" value="False" varType="11" description=""/>
                        <param name="AniInterpolationTypeOut" value="False" varType="11" description=""/>
                        <param name="Delay" value="0" varType="3" description=""/>
                        <param name="FromValue" value="0" varType="20" description=""/>
                        <param name="ToValue" value="4278190335" varType="20" description=""/>
                      </command>
                    </target>
                  </behaviour>
                </event>
              </events>
            </entry>
          </interactiveData>
          <font family="Segoe+UI" displayName="Segoe+UI" postScript="" weightStyle="Normal" weight="400" isBold="False" isItalic="False"/>
          <text>Mentions+l%C3%A9gales+et+confidentialit%C3%A9</text>
          <textColor>4294967295</textColor>
          <lineSpacing>0</lineSpacing>
          <selectedIndex>-1</selectedIndex>
        </control>
        <control controlID="8E720ACF-DC6A-46F2-A082-85A42C30F3D8" controlTypeID="Label" x="533" y="44" w="89" h="19" zOrder="2">
          <font family="Segoe+UI" displayName="Segoe+UI" postScript="" weightStyle="Normal" weight="400" isBold="False" isItalic="False"/>
          <text>Aide+-+Contact</text>
          <textColor>4294967295</textColor>
          <lineSpacing>0</lineSpacing>
          <selectedIndex>-1</selectedIndex>
        </control>
        <control controlID="7A30EB0C-FF1E-49A2-BF38-04177383212E" controlTypeID="Border" x="0" y="0" w="1100" h="105" zOrder="3">
          <alias>borderLayer</alias>
        </control>
      </groupChildrenDescriptors>
      <thinkness>1</thinkness>
    </control>
    <control controlID="C0047050-F0E2-4F42-8076-9C2F50AA1D81" controlTypeID="DateTimePicker" x="863" y="10" w="217" h="24" zOrder="4">
      <color>16777215</color>
      <borderColor>6710886</borderColor>
      <font family="Segoe+UI" displayName="Segoe+UI" postScript="" weightStyle="Normal" weight="400" isBold="False" isItalic="False"/>
      <text>03+%2F+12+%2F+2020</text>
      <textColor>4294967295</textColor>
      <textSize>14</textSize>
      <lineSpacing>0</lineSpacing>
      <selectedIndex>-1</selectedIndex>
    </control>
    <control controlID="D2D806B9-EF86-4EFA-ACD2-096E53B237A9" controlTypeID="TextArea" x="0" y="95" w="291" h="58" zOrder="5">
      <states>
        <state propName="VScrollProgress" stateType="state_mouseOver" isChecked="True" value="10" varType="4"/>
        <state propName="VScrollProgress" stateType="state_mouseDown" isChecked="True" value="10" varType="4"/>
      </states>
      <isShow>False</isShow>
      <color>4294967295</color>
      <borderVisible>True</borderVisible>
      <verticalScrollbarShow>True</verticalScrollbarShow>
      <verticalScrollbarProgress>10</verticalScrollbarProgress>
      <font family="Segoe+UI" displayName="Segoe+UI" postScript="" weightStyle="Normal" weight="400" isBold="False" isItalic="False"/>
      <text>Mentions+l%C3%A9gales%0D%0AInformations+l%C3%A9gales%0D%0AUn+Temps+pour+Vous%0D%0A%0D%0ASARL+au+capital+de+7+500+euros%2C%0D%0Acr%C3%A9%C3%A9e+le+13+novembre+2020%2C%0D%0A%0D%0A%0D%0ASi%C3%A8ge+social+%3A%0D%0A1+rue+de+la+Paix%0D%0A75012+Paris%0D%0A%0D%0AL%E2%80%99Internaute+peut+contacter+la+soci%C3%A9t%C3%A9+Un+Temps+pour+Vous+aux+coordonn%C3%A9es+suivantes+%3A+%0D%0A%0D%0AE-mail+%3A+contact@aavapo.com%0D%0ANum%C3%A9ro+de+t%C3%A9l%C3%A9phone+%3A+01+45+44+45+91+-+du+lundi+au+vendredi+de+9h+%C3%A0+18h+sans+interruption%0D%0ADirecteur+de+la+publication+%3A%0D%0A%0D%0ACorentine+du+HALGOUET%0D%0A%0D%0AConception+et+r%C3%A9alisation+du+Site+Internet+%3A%0D%0A%0D%0ACyril+GOURGEOT%0D%0A%0D%0AH%C3%A9bergement+du+Site+Internet+%3A%0D%0A%0D%0AOVH+SAS%0D%0ARCS+Roubaix+%E2%80%93+Tourcoing%3A+424+761+419+00045%0D%0ACapital%3A+10+M%E2%82%AC%0D%0AOVH+BP+80157%0D%0A59053+ROUBAIX%0D%0A%0D%0ADonn%C3%A9es+personnelles%0D%0ALes+informations+que+vous+saisissez+sont+n%C3%A9cessaires+%C3%A0+un+Temps+pour+Vous+pour+traiter+votre+demande.+Le+traitement+automatis%C3%A9+des+donn%C3%A9es+manuelles+a+fait+l%E2%80%99objet+d%E2%80%99une+d%C3%A9claration+%C3%A0+la+CNIL+qui+porte+le+num%C3%A9ro+%3A+1056184.+Conform%C3%A9ment+aux+dispositions+de+la+loi+informatique+et+libert%C3%A9+du+6+janvier+1978%2C+l%E2%80%99internaute+dispose+d%E2%80%99un+droit+d%E2%80%99acc%C3%A8s+et+de+rectification+portant+sur+les+donn%C3%A9es+le+concernant+en+%C3%A9crivant+%C3%A0+un+Temps+pour+Vous%2C+45+rue+Crozatier%2C+75012+Paris.%0D%0A%0D%0ADispositif+de+m%C3%A9diation%0D%0AConform%C3%A9ment+aux+articles+du+code+de+la+consommation+L611-1+et+suivants+et+R612-1+et+suivants%2C+il+est+pr%C3%A9vu+que+pour+tout+litige+de+nature+contractuelle+portant+sur+l'ex%C3%A9cution+du+contrat+de+vente+et%2Fou+la+prestation+de+services+n'ayant+pu+%C3%AAtre+r%C3%A9solu+dans+le+cadre+d'une+r%C3%A9clamation+pr%C3%A9alablement+introduite+aupr%C3%A8s+de+notre+service+client%2C+le+Consommateur+pourra+recourir+gratuitement+%C3%A0+la+m%C3%A9diation.+Il+contactera+l'Association+Nationale+des+M%C3%A9diateurs+(ANM)+soit+par+courrier+en+%C3%A9crivant+au+62+rue+Tiquetonne+75002+PARIS+soit+par+e-mail+en+remplissant+le+formulaire+de+saisine+en+ligne+%C3%A0+l'adresse+suivante+www.anm-conso.com.%0D%0A%0D%0AVente+en+ligne%0D%0AConform%C3%A9ment+%C3%A0+l'article+14.1+du+r%C3%A8glement+(UE)+n%C2%B0524%2F2013+du+parlement+europ%C3%A9en+et+du+conseil+du+21+mai+2013%2C+Un+Temps+pour+Vous+signale+%C3%A0+ses+clients+le+lien+vers+la+plate-forme+de+r%C3%A8glement+en+ligne+des+litiges+(RLL)+%3A+lien%0D%0A%0D%0ACopyright+%C2%A9%0D%0ALes+informations%2C+donn%C3%A9es%2C+images+et+marques+publi%C3%A9es+sur+www.untempspourvous.fr+sont+la+propri%C3%A9t%C3%A9+exclusive+de+leurs+titulaires+respectifs.%0D%0A%0D%0AIl+est+strictement+interdit+de+publier%2C+diffuser%2C+reproduire+les+informations+ou+donn%C3%A9es+de+Un+Temps+pour+Vous+quelqu'en+soit+le+support+dans+le+but+de+les+transmettre+%C3%A0+un+tiers+et+ce%2C+sans+en+indiquer+explicitement+la+source+par+l'apposition+du+copyright.%0D%0A%0D%0ADe+plus+l'utilisation+dans+le+cadre+d'une+activit%C3%A9+%C3%A9conomique+et+commerciale+des+informations+et+donn%C3%A9es+de+ce+site+est+strictement+interdite+sans+accord+pr%C3%A9alable+de+Un+Temps+pour+Vous.</text>
      <textAlign>HaCenter</textAlign>
      <textWordWrap>False</textWordWrap>
      <selectedIndex>-1</selectedIndex>
    </control>
    <control controlID="9094E456-69A4-4E6B-9498-4C16C222544D" controlTypeID="Icon" x="534" y="102" w="32" h="32" zOrder="6">
      <color>4294348544</color>
      <links eventType="AtClick" animate="AmNone" animateAutoDelay="0" animateDuration="500">
        <link targetPageID="7A71BF48-88DE-40D2-A3FF-28E4FDC99F76" linkType="ltPageLink" isApplyIncludePage="False" title="Admin">
          <area shape="0" alt="" ID="{0F7B5F1B-A02F-47A7-B97D-6CBEE1A9A21A}" coords="(0,0,32,32)"/>
        </link>
      </links>
      <icon>
        <ID/>
        <iconFontName>jdFontAwesome</iconFontName>
        <iconCode>61461</iconCode>
      </icon>
      <URL>E447C8EF21DE64EDDB03C3EF95A290A3.svg</URL>
    </control>
    <control controlID="5B468BBA-F4A0-4426-963D-539951F05C9E" controlTypeID="Label" x="534" y="134" w="41" h="19" zOrder="7">
      <font family="Segoe+UI" displayName="Segoe+UI" postScript="" weightStyle="Normal" weight="400" isBold="False" isItalic="False"/>
      <text>Admin</text>
      <lineSpacing>0</lineSpacing>
      <selectedIndex>-1</selectedIndex>
    </control>
    <control controlID="1E9077EB-5B06-49B5-A73C-87EB7ED58442" controlTypeID="Icon" x="585" y="102" w="32" h="32" zOrder="8">
      <color>4291151301</color>
      <links eventType="AtClick" animate="AmNone" animateAutoDelay="0" animateDuration="500">
        <link targetPageID="5AB42D85-BC11-407D-B985-489A4A774448" linkType="ltPageLink" isApplyIncludePage="False" title="User_connect">
          <area shape="0" alt="" ID="{0F7B5F1B-A02F-47A7-B97D-6CBEE1A9A21A}" coords="(0,0,32,32)"/>
        </link>
      </links>
      <icon>
        <ID/>
        <iconFontName>jdFontAwesome</iconFontName>
        <iconCode>61461</iconCode>
      </icon>
      <URL>E447C8EF21DE64EDDB03C3EF95A290A3.svg</URL>
    </control>
    <control controlID="D0343B8B-3553-475A-8ED8-F5B9575A241F" controlTypeID="Label" x="587" y="134" w="28" h="19" zOrder="9">
      <font family="Segoe+UI" displayName="Segoe+UI" postScript="" weightStyle="Normal" weight="400" isBold="False" isItalic="False"/>
      <text>User</text>
      <lineSpacing>0</lineSpacing>
      <selectedIndex>-1</selectedIndex>
    </control>
    <control controlID="B70EC81F-6C4D-44D0-A44B-3CDB59C8EF82" controlTypeID="Table" x="67" y="174" w="869" h="180" zOrder="10">
      <interactiveData>
        <entry title="">
          <area shape="0" alt="" ID="{993F33E6-BBC3-47AB-B272-3D31A53414DD}" coords="(0,0,869,30)"/>
          <events title=""/>
        </entry>
        <entry title="">
          <area shape="0" alt="" ID="{E4722F10-1656-45F6-8021-6CC7254ACD79}" coords="(0,30,869,60)"/>
          <events title="">
            <event eventType="atClick" isChecked="True">
              <behaviour title="" isChecked="True" isWait="False" isLoop="False" execMode="emParallel">
                <target targetID="99800C28-7F08-4188-94EE-3C54B9930624" isChecked="True" isAutoRecovery="True" isLoop="False" execMode="emSequence">
                  <command name="Change Visibility" isChecked="True" descrition="">
                    <param name="AniInterpolation" value="1" varType="3" description=""/>
                    <param name="AniDuration" value="200" varType="3" description=""/>
                    <param name="AniAutoReverse" value="False" varType="11" description=""/>
                    <param name="AniLoop" value="False" varType="11" description=""/>
                    <param name="AniInterpolationTypeOut" value="False" varType="11" description=""/>
                    <param name="Delay" value="0" varType="3" description=""/>
                    <param name="ValueFromCurrent" value="True" varType="11" description=""/>
                    <param name="ForceFromInitValue" value="False" varType="11" description=""/>
                    <param name="ForceSetVisible" value="False" varType="11" description=""/>
                    <param name="Value" value="0" varType="3" description=""/>
                    <param name="TerminateLoopByClick" value="True" varType="11" description=""/>
                  </command>
                </target>
                <target targetID="B20BAD12-0525-4D1C-A70B-4AB3510E57D2" isChecked="True" isAutoRecovery="True" isLoop="False" execMode="emSequence">
                  <command name="Change Visibility" isChecked="True" descrition="">
                    <param name="AniInterpolation" value="1" varType="3" description=""/>
                    <param name="AniDuration" value="200" varType="3" description=""/>
                    <param name="AniAutoReverse" value="False" varType="11" description=""/>
                    <param name="AniLoop" value="False" varType="11" description=""/>
                    <param name="AniInterpolationTypeOut" value="False" varType="11" description=""/>
                    <param name="Delay" value="0" varType="3" description=""/>
                    <param name="ValueFromCurrent" value="True" varType="11" description=""/>
                    <param name="ForceFromInitValue" value="False" varType="11" description=""/>
                    <param name="ForceSetVisible" value="False" varType="11" description=""/>
                    <param name="Value" value="0" varType="3" description=""/>
                    <param name="TerminateLoopByClick" value="True" varType="11" description=""/>
                  </command>
                </target>
              </behaviour>
            </event>
          </events>
        </entry>
        <entry title="">
          <area shape="0" alt="" ID="{74F1166A-CDA7-4FB6-A95D-C7FF1524A227}" coords="(0,60,869,90)"/>
          <events title="">
            <event eventType="atClick" isChecked="True">
              <behaviour title="" isChecked="True" isWait="False" isLoop="False" execMode="emParallel">
                <target targetID="99800C28-7F08-4188-94EE-3C54B9930624" isChecked="True" isAutoRecovery="False" isLoop="False" execMode="emSequence">
                  <command name="Change Visibility" isChecked="True" descrition="">
                    <param name="AniInterpolation" value="1" varType="3" description=""/>
                    <param name="AniDuration" value="200" varType="3" description=""/>
                    <param name="AniAutoReverse" value="False" varType="11" description=""/>
                    <param name="AniLoop" value="False" varType="11" description=""/>
                    <param name="AniInterpolationTypeOut" value="False" varType="11" description=""/>
                    <param name="Delay" value="0" varType="3" description=""/>
                    <param name="ValueFromCurrent" value="True" varType="11" description=""/>
                    <param name="ForceFromInitValue" value="False" varType="11" description=""/>
                    <param name="ForceSetVisible" value="False" varType="11" description=""/>
                    <param name="Value" value="2" varType="3" description=""/>
                    <param name="TerminateLoopByClick" value="True" varType="11" description=""/>
                  </command>
                </target>
                <target targetID="B20BAD12-0525-4D1C-A70B-4AB3510E57D2" isChecked="True" isAutoRecovery="True" isLoop="False" execMode="emSequence">
                  <command name="Change Visibility" isChecked="True" descrition="">
                    <param name="AniInterpolation" value="1" varType="3" description=""/>
                    <param name="AniDuration" value="200" varType="3" description=""/>
                    <param name="AniAutoReverse" value="False" varType="11" description=""/>
                    <param name="AniLoop" value="False" varType="11" description=""/>
                    <param name="AniInterpolationTypeOut" value="False" varType="11" description=""/>
                    <param name="Delay" value="0" varType="3" description=""/>
                    <param name="ValueFromCurrent" value="True" varType="11" description=""/>
                    <param name="ForceFromInitValue" value="False" varType="11" description=""/>
                    <param name="ForceSetVisible" value="False" varType="11" description=""/>
                    <param name="Value" value="0" varType="3" description=""/>
                    <param name="TerminateLoopByClick" value="True" varType="11" description=""/>
                  </command>
                </target>
              </behaviour>
            </event>
          </events>
        </entry>
        <entry title="">
          <area shape="0" alt="" ID="{B7F79CFD-08BD-443B-957E-BBB4E25A697A}" coords="(0,90,869,120)"/>
          <events title="">
            <event eventType="atClick" isChecked="True">
              <behaviour title="" isChecked="True" isWait="False" isLoop="False" execMode="emParallel">
                <target targetID="99800C28-7F08-4188-94EE-3C54B9930624" isChecked="True" isAutoRecovery="False" isLoop="False" execMode="emSequence">
                  <command name="Change Visibility" isChecked="True" descrition="">
                    <param name="AniInterpolation" value="1" varType="3" description=""/>
                    <param name="AniDuration" value="200" varType="3" description=""/>
                    <param name="AniAutoReverse" value="False" varType="11" description=""/>
                    <param name="AniLoop" value="False" varType="11" description=""/>
                    <param name="AniInterpolationTypeOut" value="False" varType="11" description=""/>
                    <param name="Delay" value="0" varType="3" description=""/>
                    <param name="ValueFromCurrent" value="True" varType="11" description=""/>
                    <param name="ForceFromInitValue" value="False" varType="11" description=""/>
                    <param name="ForceSetVisible" value="False" varType="11" description=""/>
                    <param name="Value" value="2" varType="3" description=""/>
                    <param name="TerminateLoopByClick" value="True" varType="11" description=""/>
                  </command>
                </target>
                <target targetID="B20BAD12-0525-4D1C-A70B-4AB3510E57D2" isChecked="True" isAutoRecovery="True" isLoop="False" execMode="emSequence">
                  <command name="Change Visibility" isChecked="True" descrition="">
                    <param name="AniInterpolation" value="1" varType="3" description=""/>
                    <param name="AniDuration" value="200" varType="3" description=""/>
                    <param name="AniAutoReverse" value="False" varType="11" description=""/>
                    <param name="AniLoop" value="False" varType="11" description=""/>
                    <param name="AniInterpolationTypeOut" value="False" varType="11" description=""/>
                    <param name="Delay" value="0" varType="3" description=""/>
                    <param name="ValueFromCurrent" value="True" varType="11" description=""/>
                    <param name="ForceFromInitValue" value="False" varType="11" description=""/>
                    <param name="ForceSetVisible" value="False" varType="11" description=""/>
                    <param name="Value" value="0" varType="3" description=""/>
                    <param name="TerminateLoopByClick" value="True" varType="11" description=""/>
                  </command>
                </target>
              </behaviour>
            </event>
          </events>
        </entry>
        <entry title="">
          <area shape="0" alt="" ID="{28A5E5D1-4246-49CE-9DA1-FBD7442F76C8}" coords="(0,120,869,150)"/>
          <events title="">
            <event eventType="atClick" isChecked="True">
              <behaviour title="" isChecked="True" isWait="False" isLoop="False" execMode="emParallel">
                <target targetID="99800C28-7F08-4188-94EE-3C54B9930624" isChecked="True" isAutoRecovery="False" isLoop="False" execMode="emSequence">
                  <command name="Change Visibility" isChecked="True" descrition="">
                    <param name="AniInterpolation" value="1" varType="3" description=""/>
                    <param name="AniDuration" value="200" varType="3" description=""/>
                    <param name="AniAutoReverse" value="False" varType="11" description=""/>
                    <param name="AniLoop" value="False" varType="11" description=""/>
                    <param name="AniInterpolationTypeOut" value="False" varType="11" description=""/>
                    <param name="Delay" value="0" varType="3" description=""/>
                    <param name="ValueFromCurrent" value="True" varType="11" description=""/>
                    <param name="ForceFromInitValue" value="False" varType="11" description=""/>
                    <param name="ForceSetVisible" value="False" varType="11" description=""/>
                    <param name="Value" value="2" varType="3" description=""/>
                    <param name="TerminateLoopByClick" value="True" varType="11" description=""/>
                  </command>
                </target>
                <target targetID="B20BAD12-0525-4D1C-A70B-4AB3510E57D2" isChecked="True" isAutoRecovery="True" isLoop="False" execMode="emSequence">
                  <command name="Change Visibility" isChecked="True" descrition="">
                    <param name="AniInterpolation" value="1" varType="3" description=""/>
                    <param name="AniDuration" value="200" varType="3" description=""/>
                    <param name="AniAutoReverse" value="False" varType="11" description=""/>
                    <param name="AniLoop" value="False" varType="11" description=""/>
                    <param name="AniInterpolationTypeOut" value="False" varType="11" description=""/>
                    <param name="Delay" value="0" varType="3" description=""/>
                    <param name="ValueFromCurrent" value="True" varType="11" description=""/>
                    <param name="ForceFromInitValue" value="False" varType="11" description=""/>
                    <param name="ForceSetVisible" value="False" varType="11" description=""/>
                    <param name="Value" value="0" varType="3" description=""/>
                    <param name="TerminateLoopByClick" value="True" varType="11" description=""/>
                  </command>
                </target>
              </behaviour>
            </event>
          </events>
        </entry>
        <entry title="">
          <area shape="0" alt="" ID="{88618B3B-2BA0-40AB-BE5D-271B763BDF96}" coords="(0,150,869,180)"/>
          <events title="">
            <event eventType="atClick" isChecked="True">
              <behaviour title="" isChecked="True" isWait="False" isLoop="False" execMode="emParallel">
                <target targetID="99800C28-7F08-4188-94EE-3C54B9930624" isChecked="True" isAutoRecovery="False" isLoop="False" execMode="emSequence">
                  <command name="Change Visibility" isChecked="True" descrition="">
                    <param name="AniInterpolation" value="1" varType="3" description=""/>
                    <param name="AniDuration" value="200" varType="3" description=""/>
                    <param name="AniAutoReverse" value="False" varType="11" description=""/>
                    <param name="AniLoop" value="False" varType="11" description=""/>
                    <param name="AniInterpolationTypeOut" value="False" varType="11" description=""/>
                    <param name="Delay" value="0" varType="3" description=""/>
                    <param name="ValueFromCurrent" value="True" varType="11" description=""/>
                    <param name="ForceFromInitValue" value="False" varType="11" description=""/>
                    <param name="ForceSetVisible" value="False" varType="11" description=""/>
                    <param name="Value" value="2" varType="3" description=""/>
                    <param name="TerminateLoopByClick" value="True" varType="11" description=""/>
                  </command>
                </target>
                <target targetID="B20BAD12-0525-4D1C-A70B-4AB3510E57D2" isChecked="True" isAutoRecovery="True" isLoop="False" execMode="emSequence">
                  <command name="Change Visibility" isChecked="True" descrition="">
                    <param name="AniInterpolation" value="1" varType="3" description=""/>
                    <param name="AniDuration" value="200" varType="3" description=""/>
                    <param name="AniAutoReverse" value="False" varType="11" description=""/>
                    <param name="AniLoop" value="False" varType="11" description=""/>
                    <param name="AniInterpolationTypeOut" value="False" varType="11" description=""/>
                    <param name="Delay" value="0" varType="3" description=""/>
                    <param name="ValueFromCurrent" value="True" varType="11" description=""/>
                    <param name="ForceFromInitValue" value="False" varType="11" description=""/>
                    <param name="ForceSetVisible" value="False" varType="11" description=""/>
                    <param name="Value" value="0" varType="3" description=""/>
                    <param name="TerminateLoopByClick" value="True" varType="11" description=""/>
                  </command>
                </target>
              </behaviour>
            </event>
          </events>
        </entry>
      </interactiveData>
      <font family="Segoe+UI" displayName="Segoe+UI" postScript="" weightStyle="Normal" weight="400" isBold="False" isItalic="False"/>
      <text>Liste+des+factures%09Liste+des+factures%09Liste+des+factures%09Liste+des+factures%09%09%09%09(PROV2)%09DUBOIS%09Philippe%09Virement%09A+r%C3%A9ception%093380.00%E2%82%AC%09A+Facturer%09FA2011-0017%09THOMAS%09Martin%09Virement%0930+jours%091000%2C00%E2%82%AC%09A+Facturer%09FA2010-0016%09PETIT%09Matthieu%09Virement%09A+livraison%091800.00%E2%82%AC%09Factur%C3%A9%09FA2010-0015%09DURAND%09Cyril%09Virement%09A+commande%09400.00%E2%82%AC%09Factur%C3%A9%09FA2010-0014%09MICHEL%09Fr%C3%A9d%C3%A9rique%09Virement%09A+r%C3%A9ception%09250.00%E2%82%AC%09Factur%C3%A9</text>
      <textSize>14</textSize>
      <textAlign>HaCenter</textAlign>
      <lineSpacing>0</lineSpacing>
      <thickness>1</thickness>
      <dashMode>SdSolid</dashMode>
      <tableStyle>tsNone</tableStyle>
      <fontFamily/>
      <fontWeight>Regular</fontWeight>
      <textStyles>[]</textStyles>
      <cells>
        <cell rows="0,0" cols="0,3">
          <backColor>4291151301</backColor>
          <textHAlign>HaLeft</textHAlign>
          <fontFamily>Segoe+UI</fontFamily>
          <fontWeight>Bold</fontWeight>
          <textStyles>[fsBold]</textStyles>
          <text>Liste+des+factures</text>
          <textHeight>28</textHeight>
          <font family="Segoe+UI" displayName="Segoe+UI_%26_Bold" postScript="" weightStyle="Bold" weight="700" isBold="True" isItalic="False"/>
        </cell>
        <cell rows="0,0" cols="4,4">
          <fontFamily>Segoe+UI</fontFamily>
          <fontWeight>Normal</fontWeight>
          <textStyles>[]</textStyles>
          <textHeight>12</textHeight>
          <font family="Segoe+UI" displayName="Segoe+UI" postScript="" weightStyle="Normal" weight="400" isBold="False" isItalic="False"/>
        </cell>
        <cell rows="0,0" cols="5,5">
          <fontFamily>Segoe+UI</fontFamily>
          <fontWeight>Normal</fontWeight>
          <textStyles>[]</textStyles>
          <textHeight>12</textHeight>
          <font family="Segoe+UI" displayName="Segoe+UI" postScript="" weightStyle="Normal" weight="400" isBold="False" isItalic="False"/>
        </cell>
        <cell rows="0,0" cols="6,6">
          <fontFamily>Segoe+UI</fontFamily>
          <fontWeight>Normal</fontWeight>
          <textStyles>[]</textStyles>
          <textHeight>12</textHeight>
          <font family="Segoe+UI" displayName="Segoe+UI" postScript="" weightStyle="Normal" weight="400" isBold="False" isItalic="False"/>
        </cell>
        <cell rows="1,1" cols="0,0">
          <backColor>4294967295</backColor>
          <fontSize>12</fontSize>
          <textHAlign>HaCenter</textHAlign>
          <textVAlign>VaMiddle</textVAlign>
          <textColor>4278190080</textColor>
          <textWordWrap>True</textWordWrap>
          <fontFamily>Segoe+UI</fontFamily>
          <fontWeight>Normal</fontWeight>
          <textStyles>[]</textStyles>
          <cellBorderVisible>True</cellBorderVisible>
          <cellBorderDashMode>SdDash</cellBorderDashMode>
          <editIndex>50</editIndex>
          <text>(PROV2)</text>
          <textHeight>28</textHeight>
          <font family="Segoe+UI" displayName="Segoe+UI" postScript="" weightStyle="Normal" weight="400" isBold="False" isItalic="False"/>
        </cell>
        <cell rows="1,1" cols="1,1">
          <backColor>4294967295</backColor>
          <fontSize>12</fontSize>
          <textHAlign>HaCenter</textHAlign>
          <textVAlign>VaMiddle</textVAlign>
          <textColor>4278190080</textColor>
          <textWordWrap>True</textWordWrap>
          <fontFamily>Segoe+UI</fontFamily>
          <fontWeight>Normal</fontWeight>
          <textStyles>[]</textStyles>
          <cellBorderVisible>True</cellBorderVisible>
          <cellBorderDashMode>SdDash</cellBorderDashMode>
          <editIndex>50</editIndex>
          <text>DUBOIS</text>
          <textHeight>28</textHeight>
          <font family="Segoe+UI" displayName="Segoe+UI" postScript="" weightStyle="Normal" weight="400" isBold="False" isItalic="False"/>
        </cell>
        <cell rows="1,1" cols="2,2">
          <backColor>4294967295</backColor>
          <fontSize>12</fontSize>
          <textHAlign>HaCenter</textHAlign>
          <textVAlign>VaMiddle</textVAlign>
          <textColor>4278190080</textColor>
          <textWordWrap>True</textWordWrap>
          <fontFamily>Segoe+UI</fontFamily>
          <fontWeight>Normal</fontWeight>
          <textStyles>[]</textStyles>
          <cellBorderVisible>True</cellBorderVisible>
          <cellBorderDashMode>SdDash</cellBorderDashMode>
          <editIndex>50</editIndex>
          <text>Philippe</text>
          <textHeight>28</textHeight>
          <font family="Segoe+UI" displayName="Segoe+UI" postScript="" weightStyle="Normal" weight="400" isBold="False" isItalic="False"/>
        </cell>
        <cell rows="1,1" cols="3,3">
          <backColor>4294967295</backColor>
          <fontSize>12</fontSize>
          <textHAlign>HaCenter</textHAlign>
          <textVAlign>VaMiddle</textVAlign>
          <textColor>4278190080</textColor>
          <textWordWrap>True</textWordWrap>
          <fontFamily>Segoe+UI</fontFamily>
          <fontWeight>Normal</fontWeight>
          <textStyles>[]</textStyles>
          <cellBorderVisible>True</cellBorderVisible>
          <cellBorderDashMode>SdDash</cellBorderDashMode>
          <editIndex>50</editIndex>
          <text>Virement</text>
          <textHeight>28</textHeight>
          <font family="Segoe+UI" displayName="Segoe+UI" postScript="" weightStyle="Normal" weight="400" isBold="False" isItalic="False"/>
        </cell>
        <cell rows="1,1" cols="4,4">
          <fontSize>12</fontSize>
          <textHAlign>HaCenter</textHAlign>
          <textVAlign>VaMiddle</textVAlign>
          <textColor>4278190080</textColor>
          <textWordWrap>True</textWordWrap>
          <fontFamily>Segoe+UI</fontFamily>
          <fontWeight>Normal</fontWeight>
          <textStyles>[]</textStyles>
          <text>A+r%C3%A9ception</text>
          <textHeight>28</textHeight>
          <font family="Segoe+UI" displayName="Segoe+UI" postScript="" weightStyle="Normal" weight="400" isBold="False" isItalic="False"/>
        </cell>
        <cell rows="1,1" cols="5,5">
          <fontSize>12</fontSize>
          <textHAlign>HaCenter</textHAlign>
          <textVAlign>VaMiddle</textVAlign>
          <textColor>4278190080</textColor>
          <textWordWrap>True</textWordWrap>
          <fontFamily>Segoe+UI</fontFamily>
          <fontWeight>Normal</fontWeight>
          <textStyles>[]</textStyles>
          <text>3380.00%E2%82%AC</text>
          <textHeight>28</textHeight>
          <font family="Segoe+UI" displayName="Segoe+UI" postScript="" weightStyle="Normal" weight="400" isBold="False" isItalic="False"/>
        </cell>
        <cell rows="1,1" cols="6,6">
          <fontFamily>Segoe+UI</fontFamily>
          <fontWeight>Normal</fontWeight>
          <textStyles>[]</textStyles>
          <text>A+Facturer</text>
          <textHeight>28</textHeight>
          <font family="Segoe+UI" displayName="Segoe+UI" postScript="" weightStyle="Normal" weight="400" isBold="False" isItalic="False"/>
        </cell>
        <cell rows="2,2" cols="0,0">
          <backColor>4292928743</backColor>
          <fontSize>12</fontSize>
          <textHAlign>HaCenter</textHAlign>
          <textVAlign>VaMiddle</textVAlign>
          <textColor>4278190080</textColor>
          <textWordWrap>True</textWordWrap>
          <fontFamily>Segoe+UI</fontFamily>
          <fontWeight>Normal</fontWeight>
          <textStyles>[]</textStyles>
          <cellBorderVisible>True</cellBorderVisible>
          <cellBorderDashMode>SdDash</cellBorderDashMode>
          <editIndex>50</editIndex>
          <text>FA2011-0017</text>
          <textHeight>28</textHeight>
          <font family="Segoe+UI" displayName="Segoe+UI" postScript="" weightStyle="Normal" weight="400" isBold="False" isItalic="False"/>
        </cell>
        <cell rows="2,2" cols="1,1">
          <backColor>4292928743</backColor>
          <fontSize>12</fontSize>
          <textHAlign>HaCenter</textHAlign>
          <textVAlign>VaMiddle</textVAlign>
          <textColor>4278190080</textColor>
          <textWordWrap>True</textWordWrap>
          <fontFamily>Segoe+UI</fontFamily>
          <fontWeight>Normal</fontWeight>
          <textStyles>[]</textStyles>
          <cellBorderVisible>True</cellBorderVisible>
          <cellBorderDashMode>SdDash</cellBorderDashMode>
          <editIndex>50</editIndex>
          <text>THOMAS</text>
          <textHeight>28</textHeight>
          <font family="Segoe+UI" displayName="Segoe+UI" postScript="" weightStyle="Normal" weight="400" isBold="False" isItalic="False"/>
        </cell>
        <cell rows="2,2" cols="2,2">
          <backColor>4292928743</backColor>
          <fontSize>12</fontSize>
          <textHAlign>HaCenter</textHAlign>
          <textVAlign>VaMiddle</textVAlign>
          <textColor>4278190080</textColor>
          <textWordWrap>True</textWordWrap>
          <fontFamily>Segoe+UI</fontFamily>
          <fontWeight>Normal</fontWeight>
          <textStyles>[]</textStyles>
          <cellBorderVisible>True</cellBorderVisible>
          <cellBorderDashMode>SdDash</cellBorderDashMode>
          <editIndex>50</editIndex>
          <text>Martin</text>
          <textHeight>28</textHeight>
          <font family="Segoe+UI" displayName="Segoe+UI" postScript="" weightStyle="Normal" weight="400" isBold="False" isItalic="False"/>
        </cell>
        <cell rows="2,2" cols="3,3">
          <backColor>4292928743</backColor>
          <fontSize>12</fontSize>
          <textHAlign>HaCenter</textHAlign>
          <textVAlign>VaMiddle</textVAlign>
          <textColor>4278190080</textColor>
          <textWordWrap>True</textWordWrap>
          <fontFamily>Segoe+UI</fontFamily>
          <fontWeight>Normal</fontWeight>
          <textStyles>[]</textStyles>
          <cellBorderVisible>True</cellBorderVisible>
          <cellBorderDashMode>SdDash</cellBorderDashMode>
          <editIndex>50</editIndex>
          <text>Virement</text>
          <textHeight>28</textHeight>
          <font family="Segoe+UI" displayName="Segoe+UI" postScript="" weightStyle="Normal" weight="400" isBold="False" isItalic="False"/>
        </cell>
        <cell rows="2,2" cols="4,4">
          <fontFamily>Segoe+UI</fontFamily>
          <fontWeight>Normal</fontWeight>
          <textStyles>[]</textStyles>
          <text>30+jours</text>
          <textHeight>28</textHeight>
          <font family="Segoe+UI" displayName="Segoe+UI" postScript="" weightStyle="Normal" weight="400" isBold="False" isItalic="False"/>
        </cell>
        <cell rows="2,2" cols="5,5">
          <fontFamily>Segoe+UI</fontFamily>
          <fontWeight>Normal</fontWeight>
          <textStyles>[]</textStyles>
          <text>1000%2C00%E2%82%AC</text>
          <textHeight>28</textHeight>
          <font family="Segoe+UI" displayName="Segoe+UI" postScript="" weightStyle="Normal" weight="400" isBold="False" isItalic="False"/>
        </cell>
        <cell rows="2,2" cols="6,6">
          <fontFamily>Segoe+UI</fontFamily>
          <fontWeight>Normal</fontWeight>
          <textStyles>[]</textStyles>
          <text>A+Facturer</text>
          <textHeight>28</textHeight>
          <font family="Segoe+UI" displayName="Segoe+UI" postScript="" weightStyle="Normal" weight="400" isBold="False" isItalic="False"/>
        </cell>
        <cell rows="3,3" cols="0,0">
          <backColor>4294967295</backColor>
          <fontSize>12</fontSize>
          <textHAlign>HaCenter</textHAlign>
          <textVAlign>VaMiddle</textVAlign>
          <textColor>4278190080</textColor>
          <textWordWrap>True</textWordWrap>
          <fontFamily>Segoe+UI</fontFamily>
          <fontWeight>Normal</fontWeight>
          <textStyles>[]</textStyles>
          <cellBorderVisible>True</cellBorderVisible>
          <cellBorderDashMode>SdDash</cellBorderDashMode>
          <editIndex>50</editIndex>
          <text>FA2010-0016</text>
          <textHeight>28</textHeight>
          <font family="Segoe+UI" displayName="Segoe+UI" postScript="" weightStyle="Normal" weight="400" isBold="False" isItalic="False"/>
        </cell>
        <cell rows="3,3" cols="1,1">
          <backColor>4294967295</backColor>
          <fontSize>12</fontSize>
          <textHAlign>HaCenter</textHAlign>
          <textVAlign>VaMiddle</textVAlign>
          <textColor>4278190080</textColor>
          <textWordWrap>True</textWordWrap>
          <fontFamily>Segoe+UI</fontFamily>
          <fontWeight>Normal</fontWeight>
          <textStyles>[]</textStyles>
          <cellBorderVisible>True</cellBorderVisible>
          <cellBorderDashMode>SdDash</cellBorderDashMode>
          <editIndex>50</editIndex>
          <text>PETIT</text>
          <textHeight>28</textHeight>
          <font family="Segoe+UI" displayName="Segoe+UI" postScript="" weightStyle="Normal" weight="400" isBold="False" isItalic="False"/>
        </cell>
        <cell rows="3,3" cols="2,2">
          <backColor>4294967295</backColor>
          <fontSize>12</fontSize>
          <textHAlign>HaCenter</textHAlign>
          <textVAlign>VaMiddle</textVAlign>
          <textColor>4278190080</textColor>
          <textWordWrap>True</textWordWrap>
          <fontFamily>Segoe+UI</fontFamily>
          <fontWeight>Normal</fontWeight>
          <textStyles>[]</textStyles>
          <cellBorderVisible>True</cellBorderVisible>
          <cellBorderDashMode>SdDash</cellBorderDashMode>
          <editIndex>50</editIndex>
          <text>Matthieu</text>
          <textHeight>28</textHeight>
          <font family="Segoe+UI" displayName="Segoe+UI" postScript="" weightStyle="Normal" weight="400" isBold="False" isItalic="False"/>
        </cell>
        <cell rows="3,3" cols="3,3">
          <backColor>4294967295</backColor>
          <fontSize>12</fontSize>
          <textHAlign>HaCenter</textHAlign>
          <textVAlign>VaMiddle</textVAlign>
          <textColor>4278190080</textColor>
          <textWordWrap>True</textWordWrap>
          <fontFamily>Segoe+UI</fontFamily>
          <fontWeight>Normal</fontWeight>
          <textStyles>[]</textStyles>
          <cellBorderVisible>True</cellBorderVisible>
          <cellBorderDashMode>SdDash</cellBorderDashMode>
          <editIndex>50</editIndex>
          <text>Virement</text>
          <textHeight>28</textHeight>
          <font family="Segoe+UI" displayName="Segoe+UI" postScript="" weightStyle="Normal" weight="400" isBold="False" isItalic="False"/>
        </cell>
        <cell rows="3,3" cols="4,4">
          <fontFamily>Segoe+UI</fontFamily>
          <fontWeight>Normal</fontWeight>
          <textStyles>[]</textStyles>
          <text>A+livraison</text>
          <textHeight>28</textHeight>
          <font family="Segoe+UI" displayName="Segoe+UI" postScript="" weightStyle="Normal" weight="400" isBold="False" isItalic="False"/>
        </cell>
        <cell rows="3,3" cols="5,5">
          <fontFamily>Segoe+UI</fontFamily>
          <fontWeight>Normal</fontWeight>
          <textStyles>[]</textStyles>
          <text>1800.00%E2%82%AC</text>
          <textHeight>28</textHeight>
          <font family="Segoe+UI" displayName="Segoe+UI" postScript="" weightStyle="Normal" weight="400" isBold="False" isItalic="False"/>
        </cell>
        <cell rows="3,3" cols="6,6">
          <fontFamily>Segoe+UI</fontFamily>
          <fontWeight>Normal</fontWeight>
          <textStyles>[]</textStyles>
          <text>Factur%C3%A9</text>
          <textHeight>28</textHeight>
          <font family="Segoe+UI" displayName="Segoe+UI" postScript="" weightStyle="Normal" weight="400" isBold="False" isItalic="False"/>
        </cell>
        <cell rows="4,4" cols="0,0">
          <backColor>4292928743</backColor>
          <fontSize>12</fontSize>
          <textHAlign>HaCenter</textHAlign>
          <textVAlign>VaMiddle</textVAlign>
          <textColor>4278190080</textColor>
          <textWordWrap>True</textWordWrap>
          <fontFamily>Segoe+UI</fontFamily>
          <fontWeight>Normal</fontWeight>
          <textStyles>[]</textStyles>
          <cellBorderVisible>True</cellBorderVisible>
          <cellBorderDashMode>SdDash</cellBorderDashMode>
          <editIndex>50</editIndex>
          <text>FA2010-0015</text>
          <textHeight>28</textHeight>
          <font family="Segoe+UI" displayName="Segoe+UI" postScript="" weightStyle="Normal" weight="400" isBold="False" isItalic="False"/>
        </cell>
        <cell rows="4,4" cols="1,1">
          <backColor>4292928743</backColor>
          <fontSize>12</fontSize>
          <textHAlign>HaCenter</textHAlign>
          <textVAlign>VaMiddle</textVAlign>
          <textColor>4278190080</textColor>
          <textWordWrap>True</textWordWrap>
          <fontFamily>Segoe+UI</fontFamily>
          <fontWeight>Normal</fontWeight>
          <textStyles>[]</textStyles>
          <cellBorderVisible>True</cellBorderVisible>
          <cellBorderDashMode>SdDash</cellBorderDashMode>
          <editIndex>50</editIndex>
          <text>DURAND</text>
          <textHeight>28</textHeight>
          <font family="Segoe+UI" displayName="Segoe+UI" postScript="" weightStyle="Normal" weight="400" isBold="False" isItalic="False"/>
        </cell>
        <cell rows="4,4" cols="2,2">
          <backColor>4292928743</backColor>
          <fontSize>12</fontSize>
          <textHAlign>HaCenter</textHAlign>
          <textVAlign>VaMiddle</textVAlign>
          <textColor>4278190080</textColor>
          <textWordWrap>True</textWordWrap>
          <fontFamily>Segoe+UI</fontFamily>
          <fontWeight>Normal</fontWeight>
          <textStyles>[]</textStyles>
          <cellBorderVisible>True</cellBorderVisible>
          <cellBorderDashMode>SdDash</cellBorderDashMode>
          <editIndex>50</editIndex>
          <text>Cyril</text>
          <textHeight>28</textHeight>
          <font family="Segoe+UI" displayName="Segoe+UI" postScript="" weightStyle="Normal" weight="400" isBold="False" isItalic="False"/>
        </cell>
        <cell rows="4,4" cols="3,3">
          <backColor>4292928743</backColor>
          <fontSize>12</fontSize>
          <textHAlign>HaCenter</textHAlign>
          <textVAlign>VaMiddle</textVAlign>
          <textColor>4278190080</textColor>
          <textWordWrap>True</textWordWrap>
          <fontFamily>Segoe+UI</fontFamily>
          <fontWeight>Normal</fontWeight>
          <textStyles>[]</textStyles>
          <cellBorderVisible>True</cellBorderVisible>
          <cellBorderDashMode>SdDash</cellBorderDashMode>
          <editIndex>50</editIndex>
          <text>Virement</text>
          <textHeight>28</textHeight>
          <font family="Segoe+UI" displayName="Segoe+UI" postScript="" weightStyle="Normal" weight="400" isBold="False" isItalic="False"/>
        </cell>
        <cell rows="4,4" cols="4,4">
          <fontFamily>Segoe+UI</fontFamily>
          <fontWeight>Normal</fontWeight>
          <textStyles>[]</textStyles>
          <text>A+commande</text>
          <textHeight>28</textHeight>
          <font family="Segoe+UI" displayName="Segoe+UI" postScript="" weightStyle="Normal" weight="400" isBold="False" isItalic="False"/>
        </cell>
        <cell rows="4,4" cols="5,5">
          <fontFamily>Segoe+UI</fontFamily>
          <fontWeight>Normal</fontWeight>
          <textStyles>[]</textStyles>
          <text>400.00%E2%82%AC</text>
          <textHeight>28</textHeight>
          <font family="Segoe+UI" displayName="Segoe+UI" postScript="" weightStyle="Normal" weight="400" isBold="False" isItalic="False"/>
        </cell>
        <cell rows="4,4" cols="6,6">
          <fontFamily>Segoe+UI</fontFamily>
          <fontWeight>Normal</fontWeight>
          <textStyles>[]</textStyles>
          <text>Factur%C3%A9</text>
          <textHeight>28</textHeight>
          <font family="Segoe+UI" displayName="Segoe+UI" postScript="" weightStyle="Normal" weight="400" isBold="False" isItalic="False"/>
        </cell>
        <cell rows="5,5" cols="0,0">
          <backColor>4294967295</backColor>
          <fontSize>12</fontSize>
          <textHAlign>HaCenter</textHAlign>
          <textVAlign>VaMiddle</textVAlign>
          <textColor>4278190080</textColor>
          <textWordWrap>True</textWordWrap>
          <fontFamily>Segoe+UI</fontFamily>
          <fontWeight>Normal</fontWeight>
          <textStyles>[]</textStyles>
          <cellBorderVisible>True</cellBorderVisible>
          <cellBorderDashMode>SdDash</cellBorderDashMode>
          <editIndex>47</editIndex>
          <text>FA2010-0014</text>
          <textHeight>28</textHeight>
          <font family="Segoe+UI" displayName="Segoe+UI" postScript="" weightStyle="Normal" weight="400" isBold="False" isItalic="False"/>
        </cell>
        <cell rows="5,5" cols="1,1">
          <backColor>4294967295</backColor>
          <fontSize>12</fontSize>
          <textHAlign>HaCenter</textHAlign>
          <textVAlign>VaMiddle</textVAlign>
          <textColor>4278190080</textColor>
          <textWordWrap>True</textWordWrap>
          <fontFamily>Segoe+UI</fontFamily>
          <fontWeight>Normal</fontWeight>
          <textStyles>[]</textStyles>
          <cellBorderVisible>True</cellBorderVisible>
          <cellBorderDashMode>SdDash</cellBorderDashMode>
          <editIndex>47</editIndex>
          <text>MICHEL</text>
          <textHeight>28</textHeight>
          <font family="Segoe+UI" displayName="Segoe+UI" postScript="" weightStyle="Normal" weight="400" isBold="False" isItalic="False"/>
        </cell>
        <cell rows="5,5" cols="2,2">
          <backColor>4294967295</backColor>
          <fontSize>12</fontSize>
          <textHAlign>HaCenter</textHAlign>
          <textVAlign>VaMiddle</textVAlign>
          <textColor>4278190080</textColor>
          <textWordWrap>True</textWordWrap>
          <fontFamily>Segoe+UI</fontFamily>
          <fontWeight>Normal</fontWeight>
          <textStyles>[]</textStyles>
          <cellBorderVisible>True</cellBorderVisible>
          <cellBorderDashMode>SdDash</cellBorderDashMode>
          <editIndex>47</editIndex>
          <text>Fr%C3%A9d%C3%A9rique</text>
          <textHeight>28</textHeight>
          <font family="Segoe+UI" displayName="Segoe+UI" postScript="" weightStyle="Normal" weight="400" isBold="False" isItalic="False"/>
        </cell>
        <cell rows="5,5" cols="3,3">
          <backColor>4294967295</backColor>
          <fontSize>12</fontSize>
          <textHAlign>HaCenter</textHAlign>
          <textVAlign>VaMiddle</textVAlign>
          <textColor>4278190080</textColor>
          <textWordWrap>True</textWordWrap>
          <fontFamily>Segoe+UI</fontFamily>
          <fontWeight>Normal</fontWeight>
          <textStyles>[]</textStyles>
          <cellBorderVisible>True</cellBorderVisible>
          <cellBorderDashMode>SdDash</cellBorderDashMode>
          <editIndex>47</editIndex>
          <text>Virement</text>
          <textHeight>28</textHeight>
          <font family="Segoe+UI" displayName="Segoe+UI" postScript="" weightStyle="Normal" weight="400" isBold="False" isItalic="False"/>
        </cell>
        <cell rows="5,5" cols="4,4">
          <fontFamily>Segoe+UI</fontFamily>
          <fontWeight>Normal</fontWeight>
          <textStyles>[]</textStyles>
          <text>A+r%C3%A9ception</text>
          <textHeight>28</textHeight>
          <font family="Segoe+UI" displayName="Segoe+UI" postScript="" weightStyle="Normal" weight="400" isBold="False" isItalic="False"/>
        </cell>
        <cell rows="5,5" cols="5,5">
          <fontFamily>Segoe+UI</fontFamily>
          <fontWeight>Normal</fontWeight>
          <textStyles>[]</textStyles>
          <text>250.00%E2%82%AC</text>
          <textHeight>28</textHeight>
          <font family="Segoe+UI" displayName="Segoe+UI" postScript="" weightStyle="Normal" weight="400" isBold="False" isItalic="False"/>
        </cell>
        <cell rows="5,5" cols="6,6">
          <fontFamily>Segoe+UI</fontFamily>
          <fontWeight>Normal</fontWeight>
          <textStyles>[]</textStyles>
          <text>Factur%C3%A9</text>
          <textHeight>28</textHeight>
          <font family="Segoe+UI" displayName="Segoe+UI" postScript="" weightStyle="Normal" weight="400" isBold="False" isItalic="False"/>
        </cell>
      </cells>
      <rows>
        <row height="30">
          <backColor>4291151301</backColor>
          <textHAlign>HaLeft</textHAlign>
          <fontFamily/>
          <fontWeight>Regular</fontWeight>
          <textStyles>[fsBold]</textStyles>
          <isAutoRowHeight>True</isAutoRowHeight>
        </row>
        <row height="30">
          <backColor>4294967295</backColor>
          <fontFamily/>
          <fontWeight>Regular</fontWeight>
          <textStyles>[fsBold]</textStyles>
          <cellBorderVisible>True</cellBorderVisible>
          <cellBorderDashMode>SdDash</cellBorderDashMode>
          <editIndex>48</editIndex>
          <isAutoRowHeight>True</isAutoRowHeight>
        </row>
        <row height="30">
          <backColor>4292928743</backColor>
          <fontFamily/>
          <fontWeight>Regular</fontWeight>
          <textStyles>[]</textStyles>
          <cellBorderVisible>True</cellBorderVisible>
          <cellBorderDashMode>SdDash</cellBorderDashMode>
          <editIndex>48</editIndex>
          <isAutoRowHeight>True</isAutoRowHeight>
        </row>
        <row height="30">
          <backColor>4294967295</backColor>
          <fontFamily/>
          <fontWeight>Regular</fontWeight>
          <textStyles>[]</textStyles>
          <cellBorderVisible>True</cellBorderVisible>
          <cellBorderDashMode>SdDash</cellBorderDashMode>
          <editIndex>48</editIndex>
          <isAutoRowHeight>True</isAutoRowHeight>
        </row>
        <row height="30">
          <backColor>4292928743</backColor>
          <fontFamily/>
          <fontWeight>Regular</fontWeight>
          <textStyles>[]</textStyles>
          <cellBorderVisible>True</cellBorderVisible>
          <cellBorderDashMode>SdDash</cellBorderDashMode>
          <editIndex>48</editIndex>
          <isAutoRowHeight>True</isAutoRowHeight>
        </row>
        <row height="30">
          <backColor>4294967295</backColor>
          <fontFamily/>
          <fontWeight>Regular</fontWeight>
          <textStyles>[]</textStyles>
          <cellBorderVisible>True</cellBorderVisible>
          <cellBorderDashMode>SdDash</cellBorderDashMode>
          <editIndex>45</editIndex>
          <isAutoRowHeight>True</isAutoRowHeight>
        </row>
      </rows>
      <cols>
        <col width="123">
          <fontFamily/>
          <fontWeight>Regular</fontWeight>
          <textStyles>[]</textStyles>
        </col>
        <col width="123">
          <fontFamily/>
          <fontWeight>Regular</fontWeight>
          <textStyles>[]</textStyles>
        </col>
        <col width="123">
          <fontFamily/>
          <fontWeight>Regular</fontWeight>
          <textStyles>[]</textStyles>
        </col>
        <col width="125">
          <fontFamily/>
          <fontWeight>Regular</fontWeight>
          <textStyles>[]</textStyles>
        </col>
        <col width="125">
          <fontFamily/>
          <fontWeight>Regular</fontWeight>
          <textStyles>[]</textStyles>
        </col>
        <col width="125">
          <fontFamily/>
          <fontWeight>Regular</fontWeight>
          <textStyles>[]</textStyles>
        </col>
        <col width="125">
          <fontFamily/>
          <fontWeight>Regular</fontWeight>
          <textStyles>[]</textStyles>
        </col>
      </cols>
    </control>
    <control controlID="99800C28-7F08-4188-94EE-3C54B9930624" controlTypeID="Button" x="939" y="175" w="141" h="28" zOrder="11">
      <isShow>False</isShow>
      <caption>Edit</caption>
      <color>4284900966</color>
      <borderVisible>False</borderVisible>
      <links eventType="AtClick" animate="AmNone" animateAutoDelay="0" animateDuration="500">
        <link targetPageID="1BE03F80-A4ED-4819-B46E-54C1FDEDE05C" linkType="ltPageLink" isApplyIncludePage="False" title="edit_create_invoice">
          <area shape="0" alt="" ID="{A55EC8C6-59DD-411E-8791-5A777E6EC80A}" coords="(0,0,60,60)"/>
        </link>
      </links>
      <font family="Segoe+UI" displayName="Segoe+UI" postScript="" weightStyle="Normal" weight="400" isBold="False" isItalic="False" useDefaultFontFamily="False"/>
      <text>OUVRIR</text>
      <textColor>4294967295</textColor>
      <textSize>12</textSize>
      <lineSpacing>0</lineSpacing>
      <selectedIndex>-1</selectedIndex>
      <radius>100</radius>
      <radiusIsPercent>True</radiusIsPercent>
    </control>
    <control controlID="B20BAD12-0525-4D1C-A70B-4AB3510E57D2" controlTypeID="Button" x="940" y="213" w="141" h="28" zOrder="12">
      <isShow>False</isShow>
      <caption>pdf</caption>
      <color>4284900966</color>
      <borderVisible>False</borderVisible>
      <interactiveData>
        <entry title="">
          <area shape="0" alt="" ID="{6F49BF4B-1F9B-479D-A3B7-8BB9BC4C561C}" coords="(0,0,60,60)"/>
          <events title="">
            <event eventType="atClick" isChecked="True">
              <behaviour title="" isChecked="True" isWait="False" isLoop="False" execMode="emParallel">
                <target targetID="A02E799F-CFBF-47AC-9A2B-F15F719E123C" isChecked="True" isAutoRecovery="True" isLoop="False" execMode="emSequence">
                  <command name="Change Visibility" isChecked="True" descrition="">
                    <param name="AniInterpolation" value="1" varType="3" description=""/>
                    <param name="AniDuration" value="200" varType="3" description=""/>
                    <param name="AniAutoReverse" value="False" varType="11" description=""/>
                    <param name="AniLoop" value="False" varType="11" description=""/>
                    <param name="AniInterpolationTypeOut" value="False" varType="11" description=""/>
                    <param name="Delay" value="0" varType="3" description=""/>
                    <param name="ValueFromCurrent" value="True" varType="11" description=""/>
                    <param name="ForceFromInitValue" value="False" varType="11" description=""/>
                    <param name="ForceSetVisible" value="False" varType="11" description=""/>
                    <param name="Value" value="0" varType="3" description=""/>
                    <param name="TerminateLoopByClick" value="True" varType="11" description=""/>
                  </command>
                </target>
              </behaviour>
            </event>
          </events>
        </entry>
      </interactiveData>
      <font family="Segoe+UI" displayName="Segoe+UI" postScript="" weightStyle="Normal" weight="400" isBold="False" isItalic="False" useDefaultFontFamily="False"/>
      <text>PDF</text>
      <textColor>4294967295</textColor>
      <textSize>12</textSize>
      <lineSpacing>0</lineSpacing>
      <selectedIndex>-1</selectedIndex>
      <radius>100</radius>
      <radiusIsPercent>True</radiusIsPercent>
    </control>
    <control controlID="A02E799F-CFBF-47AC-9A2B-F15F719E123C" controlTypeID="ScrollView" x="136" y="97" w="793" h="809" zOrder="13">
      <isShow>False</isShow>
      <caption>Invoice</caption>
      <groupChildrenDescriptors>
        <control controlID="997A86D0-7D4A-4BB8-973C-0606D6299B52" controlTypeID="ScrollViewContentPanel" x="0" y="0" w="1100" h="1185" zOrder="0">
          <alias>contentPanel</alias>
          <groupChildrenDescriptors>
            <control controlID="B2AACB75-537E-4DBD-8027-D35FFD2FB836" controlTypeID="Image" x="11" y="0" w="763" h="1150" zOrder="0">
              <URL>4A492C10F4359CA7055E8ED67618EBD8.png</URL>
            </control>
            <control controlID="8663F96D-F024-4B97-9158-3F08E291FB95" controlTypeID="Icon" x="756" y="14" w="10" h="10" zOrder="1">
              <caption>Icon+Close</caption>
              <interactiveData>
                <entry title="">
                  <area shape="0" alt="" ID="{3EE82DAD-4FCE-44A8-A8A4-9E42418AB79A}" coords="(0,0,60,60)"/>
                  <events title="">
                    <event eventType="atClick" isChecked="True">
                      <behaviour title="" isChecked="True" isWait="False" isLoop="False" execMode="emParallel">
                        <target targetID="A02E799F-CFBF-47AC-9A2B-F15F719E123C" isChecked="True" isAutoRecovery="True" isLoop="False" execMode="emSequence">
                          <command name="Change Visibility" isChecked="True" descrition="">
                            <param name="AniInterpolation" value="1" varType="3" description=""/>
                            <param name="AniDuration" value="200" varType="3" description=""/>
                            <param name="AniAutoReverse" value="False" varType="11" description=""/>
                            <param name="AniLoop" value="False" varType="11" description=""/>
                            <param name="AniInterpolationTypeOut" value="False" varType="11" description=""/>
                            <param name="Delay" value="0" varType="3" description=""/>
                            <param name="ValueFromCurrent" value="True" varType="11" description=""/>
                            <param name="ForceFromInitValue" value="False" varType="11" description=""/>
                            <param name="ForceSetVisible" value="False" varType="11" description=""/>
                            <param name="Value" value="1" varType="3" description=""/>
                            <param name="TerminateLoopByClick" value="True" varType="11" description=""/>
                          </command>
                          <command name="Change Visibility" isChecked="True" descrition="">
                            <param name="AniInterpolation" value="1" varType="3" description=""/>
                            <param name="AniDuration" value="200" varType="3" description=""/>
                            <param name="AniAutoReverse" value="False" varType="11" description=""/>
                            <param name="AniLoop" value="False" varType="11" description=""/>
                            <param name="AniInterpolationTypeOut" value="False" varType="11" description=""/>
                            <param name="Delay" value="0" varType="3" description=""/>
                            <param name="ValueFromCurrent" value="True" varType="11" description=""/>
                            <param name="ForceFromInitValue" value="False" varType="11" description=""/>
                            <param name="ForceSetVisible" value="False" varType="11" description=""/>
                            <param name="Value" value="1" varType="3" description=""/>
                            <param name="TerminateLoopByClick" value="True" varType="11" description=""/>
                          </command>
                        </target>
                      </behaviour>
                    </event>
                  </events>
                </entry>
              </interactiveData>
              <icon>
                <ID/>
                <iconFontName>jdIonicons</iconFontName>
                <iconCode>62167</iconCode>
              </icon>
              <URL>8BE3C7AC8FBB1747163ECAB9AB46AD44.svg</URL>
            </control>
          </groupChildrenDescriptors>
        </control>
        <control controlID="E8BAC447-3D3F-473F-8FCD-2A5DE4277FE4" controlTypeID="Border" x="0" y="0" w="793" h="809" zOrder="1">
          <color>4284900966</color>
          <borderColor>4278190080</borderColor>
          <alias>borderLayer</alias>
        </control>
      </groupChildrenDescriptors>
      <canHoriScroll>True</canHoriScroll>
    </control>
  </controls>
  <param>
    <backgroundColor>4294967295</backgroundColor>
    <fontSize>14</fontSize>
    <fontFamily>Segoe+UI</fontFamily>
    <guideLines/>
  </param>
</mockup>