﻿<project version="2.9" name="Project_KSS" ID="C359DB3C-9C73-439B-9686-06A21D7C23C8">
  <params>
    <pageParam version="5.3" minAllowVersion="5.3"/>
    <projectParam version="2.9" minAllowVersion="2.9" platform="MtWeb" pageSize="(1100,900)" backgroundColor="4294967295" fontSize="14" fontFamily="Segoe UI" projectType="ptPersonalProject" isShowTitleIndex="False"/>
    <previewParam version="1.0"/>
    <colorParam version="1.0"/>
  </params>
  <pages>
    <page name="Home" ID="48070E56-44B9-40F4-B592-19FF2DEC49F7" expanded="True" code="zKHYMkohis" thumbCode="D85VyWK6iz" status="psWhite" isfolder="False" isshownode="True">
      <images>
        <image key="2BA820A6C37AC3E6434815584A77CC2D.png"/>
        <image key="29007B8A58B31848C74F8A75F8853F98.png"/>
      </images>
      <page name="Sign_up" ID="5A272352-BA06-450A-96B1-99B11B7169C4" expanded="True" code="QKDecebsjj" thumbCode="QKDecebsjj" status="psWhite" isfolder="False" isshownode="True">
        <images>
          <image key="C74E1A687932AA10F31BCB16E018D79A.png"/>
          <image key="CE014F204571B4A62E91E55B8D105441.png"/>
          <image key="524D04FA7520A9E6BCE07B7691A6EAC8.png"/>
          <image key="2BA820A6C37AC3E6434815584A77CC2D.png"/>
          <image key="5C83C0AAC27FC66A2CC76C98F7A93654.png"/>
        </images>
      </page>
      <page name="Connexion" ID="5021DC09-4464-4EE1-8436-8FA694386A29" expanded="True" code="wwTJIOcuir" thumbCode="wwTJIOcuir" status="psWhite" isfolder="False" isshownode="True">
        <images>
          <image key="CE014F204571B4A62E91E55B8D105441.png"/>
          <image key="2BA820A6C37AC3E6434815584A77CC2D.png"/>
          <image key="D4E0BD54A1ECCB9D74CB41B55ADF9B51.png"/>
          <image key="524D04FA7520A9E6BCE07B7691A6EAC8.png"/>
          <image key="C74E1A687932AA10F31BCB16E018D79A.png"/>
          <image key="5C83C0AAC27FC66A2CC76C98F7A93654.png"/>
        </images>
      </page>
    </page>
    <page name="Admin_connect" ID="7A71BF48-88DE-40D2-A3FF-28E4FDC99F76" expanded="True" code="ZMs5rDm5I1" thumbCode="FfW9vA4f5F" status="psWhite" isfolder="False" isshownode="True">
      <images>
        <image key="A8AE908FA7B8403CE55A63C41223050C.svg"/>
        <image key="DADB738E27CDDD8483597BBC7FC2B2B6.svg"/>
        <image key="B64512564078BE31571E4B8E32EDD2AD.svg"/>
        <image key="14F0E2A1D151B4166C71EBEE25BF57F2.svg"/>
        <image key="FBDD56452F7C5E2A186B42484A1CF33E.svg"/>
        <image key="341EAC63629DD867B4CDB7A2B1CEE1A1.svg"/>
        <image key="4329DD09C97CE309DB9C63E821618952.svg"/>
        <image key="5F079BF86E73F2CAEF7FCFFF51D57198.svg"/>
        <image key="2BA820A6C37AC3E6434815584A77CC2D.png"/>
        <image key="902337E631771EED8E5F67E954B7D322.svg"/>
      </images>
      <page name="User_list" ID="11F90269-A1B9-4200-AC6D-6CC36083E68A" expanded="True" code="CYmczkboDg" thumbCode="CYmczkboDg" status="psWhite" isfolder="False" isshownode="True">
        <images>
          <image key="E447C8EF21DE64EDDB03C3EF95A290A3.svg"/>
          <image key="2BA820A6C37AC3E6434815584A77CC2D.png"/>
        </images>
        <page name="User_edit" ID="DE4770EE-BB26-4FE0-A712-732548AFA75B" expanded="True" code="9IwVY5C4VL" thumbCode="9IwVY5C4VL" status="psWhite" isfolder="False" isshownode="True">
          <images>
            <image key="B03D5ECF12164BB98531875DBFAD0A10.png"/>
            <image key="2BA820A6C37AC3E6434815584A77CC2D.png"/>
          </images>
        </page>
      </page>
      <page name="Customer_list" ID="78B991E8-2ACA-45BE-92E0-53A56A3900A5" expanded="True" code="76LAZhT8AK" thumbCode="76LAZhT8AK" status="psWhite" isfolder="False" isshownode="True">
        <images>
          <image key="E447C8EF21DE64EDDB03C3EF95A290A3.svg"/>
          <image key="2BA820A6C37AC3E6434815584A77CC2D.png"/>
        </images>
        <page name="Customer_edit" ID="4A027DE3-9C6B-4738-8733-E1CAF8EC22FA" expanded="False" code="GjTc5XfPXu" thumbCode="GjTc5XfPXu" status="psWhite" isfolder="False" isshownode="True">
          <images>
            <image key="B03D5ECF12164BB98531875DBFAD0A10.png"/>
            <image key="2BA820A6C37AC3E6434815584A77CC2D.png"/>
          </images>
        </page>
      </page>
    </page>
    <page name="User_connect" ID="5AB42D85-BC11-407D-B985-489A4A774448" expanded="True" code="AQqJMA9fJR" thumbCode="AQqJMA9fJR" status="psWhite" isfolder="False" isshownode="True">
      <images>
        <image key="A8AE908FA7B8403CE55A63C41223050C.svg"/>
        <image key="B64512564078BE31571E4B8E32EDD2AD.svg"/>
        <image key="FBDD56452F7C5E2A186B42484A1CF33E.svg"/>
        <image key="902337E631771EED8E5F67E954B7D322.svg"/>
        <image key="2BA820A6C37AC3E6434815584A77CC2D.png"/>
        <image key="14F0E2A1D151B4166C71EBEE25BF57F2.svg"/>
      </images>
    </page>
    <page name="Invoice" ID="C22C2D62-F370-4E93-B85E-4B2A541F3C17" expanded="True" code="RL9o35OA55" thumbCode="RL9o35OA55" status="psWhite" isfolder="False" isshownode="True">
      <images>
        <image key="4A492C10F4359CA7055E8ED67618EBD8.png"/>
        <image key="E447C8EF21DE64EDDB03C3EF95A290A3.svg"/>
        <image key="8BE3C7AC8FBB1747163ECAB9AB46AD44.svg"/>
        <image key="2BA820A6C37AC3E6434815584A77CC2D.png"/>
      </images>
      <page name="edit_create_invoice" ID="1BE03F80-A4ED-4819-B46E-54C1FDEDE05C" expanded="True" code="ygtOKNKUoN" thumbCode="ygtOKNKUoN" isLastOpen="True" status="psWhite" isfolder="False" isshownode="True">
        <images>
          <image key="4A492C10F4359CA7055E8ED67618EBD8.png"/>
          <image key="8BE3C7AC8FBB1747163ECAB9AB46AD44.svg"/>
          <image key="90E182C3B7FE2B7A5E5B848945F04E62.png"/>
          <image key="2BA820A6C37AC3E6434815584A77CC2D.png"/>
        </images>
      </page>
    </page>
    <page name="Template" ID="3D1742B4-7D8B-4F43-8181-5B15C4054565" expanded="False" code="IjqVQj9d4L" thumbCode="IjqVQj9d4L" status="psWhite" isfolder="False" isshownode="True">
      <images>
        <image key="2BA820A6C37AC3E6434815584A77CC2D.png"/>
      </images>
    </page>
  </pages>
  <trash>
    <page name="Page" ID="13E98285-F38A-4C32-B4D6-0971AC266D11" expanded="False" code="17iIodewT4" thumbCode="" isLastOpen="True" status="psWhite" isfolder="False" isshownode="True"/>
    <page name="Page" ID="7E9E08EE-6231-4445-9FA1-B9D12DA2E850" expanded="False" code="YZnecVbbMk" thumbCode="" isLastOpen="True" status="psWhite" isfolder="False" isshownode="True"/>
    <page name="Sign_up" ID="1C5F0D9E-FB03-431A-B015-171C2050ADB0" expanded="False" code="UduowYDgUY" thumbCode="" status="psWhite" isfolder="False" isshownode="True">
      <images>
        <image key="CE014F204571B4A62E91E55B8D105441.png"/>
        <image key="524D04FA7520A9E6BCE07B7691A6EAC8.png"/>
        <image key="5C83C0AAC27FC66A2CC76C98F7A93654.png"/>
        <image key="C74E1A687932AA10F31BCB16E018D79A.png"/>
        <image key="2BA820A6C37AC3E6434815584A77CC2D.png"/>
      </images>
    </page>
    <page name="Connexion" ID="BD876770-B3DE-4DD2-9891-04FA40109AD4" expanded="False" code="g85k77ZFkV" thumbCode="" isLastOpen="True" status="psWhite" isfolder="False" isshownode="True">
      <images>
        <image key="CE014F204571B4A62E91E55B8D105441.png"/>
        <image key="D4E0BD54A1ECCB9D74CB41B55ADF9B51.png"/>
        <image key="524D04FA7520A9E6BCE07B7691A6EAC8.png"/>
        <image key="5C83C0AAC27FC66A2CC76C98F7A93654.png"/>
        <image key="2BA820A6C37AC3E6434815584A77CC2D.png"/>
        <image key="C74E1A687932AA10F31BCB16E018D79A.png"/>
      </images>
    </page>
  </trash>
  <deletes/>
  <masters/>
  <images>
    <image key="DADB738E27CDDD8483597BBC7FC2B2B6.svg"/>
    <image key="FBDD56452F7C5E2A186B42484A1CF33E.svg"/>
    <image key="D4E0BD54A1ECCB9D74CB41B55ADF9B51.png"/>
    <image key="524D04FA7520A9E6BCE07B7691A6EAC8.png"/>
    <image key="4A492C10F4359CA7055E8ED67618EBD8.png"/>
    <image key="8BE3C7AC8FBB1747163ECAB9AB46AD44.svg"/>
    <image key="29007B8A58B31848C74F8A75F8853F98.png"/>
    <image key="341EAC63629DD867B4CDB7A2B1CEE1A1.svg"/>
    <image key="5F079BF86E73F2CAEF7FCFFF51D57198.svg"/>
    <image key="90E182C3B7FE2B7A5E5B848945F04E62.png"/>
    <image key="C74E1A687932AA10F31BCB16E018D79A.png"/>
    <image key="2BA820A6C37AC3E6434815584A77CC2D.png"/>
    <image key="CE014F204571B4A62E91E55B8D105441.png"/>
    <image key="A8AE908FA7B8403CE55A63C41223050C.svg"/>
    <image key="B64512564078BE31571E4B8E32EDD2AD.svg"/>
    <image key="5C83C0AAC27FC66A2CC76C98F7A93654.png"/>
    <image key="B03D5ECF12164BB98531875DBFAD0A10.png"/>
    <image key="4329DD09C97CE309DB9C63E821618952.svg"/>
    <image key="902337E631771EED8E5F67E954B7D322.svg"/>
    <image key="14F0E2A1D151B4166C71EBEE25BF57F2.svg"/>
    <image key="E447C8EF21DE64EDDB03C3EF95A290A3.svg"/>
  </images>
</project>